order_id,order_date,order_count,shiping_method,unit_price,customer_name,customer_division,product_category,sale,profit
3,10/13/2010,6,هوایی عادی,38.94,Muhammed MacIntyre,کسب‌وکار کوچک,لوازم اداری, $261.54 , $(213.25)
6,2/20/2012,2,هوایی عادی,2.08,Ruben Dartt,شرکتی,لوازم اداری, $6.93 , $(4.64)
32,7/15/2011,26,هوایی عادی,107.53,Liz Pelletier,شرکتی,مبلمان," $2,808.08 "," $1,054.82 "
32,7/15/2011,24,کامیون تحویل,70.89,Liz Pelletier,شرکتی,مبلمان," $1,761.40 "," $(1,748.56)"
32,7/15/2011,23,هوایی عادی,7.99,Liz Pelletier,شرکتی,تکنولوژی, $160.23 , $(85.13)
32,7/15/2011,15,هوایی عادی,8.46,Liz Pelletier,شرکتی,تکنولوژی, $140.56 , $(128.38)
35,10/22/2011,30,هوایی عادی,9.11,Julie Creighton,شرکتی,لوازم اداری, $288.56 , $60.72 
35,10/22/2011,14,هوایی عادی,155.99,Julie Creighton,شرکتی,تکنولوژی," $1,892.85 ", $48.99 
36,11/2/2011,46,هوایی عادی,65.99,Sample Company A,کار در منزل,تکنولوژی," $2,484.75 ", $657.48 
65,3/17/2011,32,هوایی عادی,115.79,Tamara Dahlen,شرکتی,تکنولوژی," $3,812.73 "," $1,470.30 "
32,7/15/2008,26,هوایی عادی,107.53,Liz Pelletier,شرکتی,مبلمان,,
32,7/15/2008,24,کامیون تحویل,70.89,Liz Pelletier,شرکتی,مبلمان,,
32,7/15/2008,23,هوایی عادی,7.99,Liz Pelletier,شرکتی,تکنولوژی,,
32,7/15/2008,15,هوایی عادی,8.46,Liz Pelletier,شرکتی,تکنولوژی,,
35,10/22/2008,30,هوایی عادی,9.11,Julie Creighton,شرکتی,لوازم اداری,,
35,10/22/2008,14,هوایی عادی,155.99,Julie Creighton,شرکتی,تکنولوژی,,
36,10/22/2008,46,هوایی عادی,65.99,Sample Company A,کار در منزل,تکنولوژی,,
65,10/22/2008,32,هوایی عادی,115.79,Tamara Dahlen,شرکتی,تکنولوژی,,
66,1/19/2009,41,هوایی عادی,2.88,Arthur Gainer,مصرف‌کننده,لوازم اداری, $108.15 , $7.57 
69,6/3/2009,42,هوایی عادی,30.93,Jonathan Doherty,شرکتی,مبلمان," $1,186.06 ", $511.69 
69,6/3/2009,28,هوایی سریع,1.68,Jonathan Doherty,شرکتی,لوازم اداری, $51.53 , $0.35 
70,12/17/2010,48,هوایی عادی,1.86,Helen Wasserman,کار در منزل,لوازم اداری, $90.05 , $(107.00)
70,12/17/2010,46,هوایی عادی,205.99,Helen Wasserman,کار در منزل,تکنولوژی," $7,804.53 "," $2,057.17 "
96,4/16/2009,37,هوایی عادی,125.99,Keith Dawkins,کار در منزل,تکنولوژی," $4,158.12 "," $1,228.89 "
97,1/28/2010,26,هوایی عادی,2.89,Craig Yedwab,مصرف‌کننده,لوازم اداری, $75.57 , $28.24 
129,11/18/2012,4,هوایی عادی,6.48,Pauline Chand,شرکتی,لوازم اداری, $32.72 , $(22.59)
130,5/7/2012,3,هوایی سریع,150.98,Roy Collins,شرکتی,تکنولوژی, $461.89 , $(309.82)
130,5/7/2012,29,هوایی عادی,18.97,Roy Collins,شرکتی,لوازم اداری, $575.11 , $71.75 
130,5/7/2012,23,هوایی عادی,9.71,Roy Collins,شرکتی,لوازم اداری, $236.46 , $(134.31)
132,6/10/2010,27,هوایی عادی,7.99,Emily Phan,مصرف‌کننده,تکنولوژی, $192.81 , $(86.20)
132,6/10/2010,30,کامیون تحویل,130.98,Emily Phan,مصرف‌کننده,مبلمان," $4,011.65 ", $(603.80)
134,4/30/2012,11,هوایی عادی,95.99,Michael Dominguez,کار در منزل,لوازم اداری," $1,132.60 ", $(310.21)
135,10/20/2011,25,هوایی عادی,4.98,Anne Pryor,مصرف‌کننده,تکنولوژی, $125.85 , $(89.25)
166,9/11/2011,10,هوایی سریع,65.99,Valerie Takahito,مصرف‌کننده,تکنولوژی, $567.94 , $(126.09)
193,8/7/2010,14,هوایی عادی,12.44,Justin Hirsh,مصرف‌کننده,لوازم اداری, $174.89 , $(37.04)
194,4/4/2012,49,هوایی عادی,7.28,Maria Zettner,شرکتی,مبلمان, $329.03 , $(197.25)
194,4/4/2012,6,هوایی عادی,3.14,Maria Zettner,شرکتی,لوازم اداری, $20.19 , $(13.44)
195,12/27/2010,34,هوایی عادی,36.55,Brad Thomas,کار در منزل,لوازم اداری," $1,315.74 ", $260.87 
197,4/6/2011,23,هوایی عادی,12.98,Penelope Sewall,کار در منزل,لوازم اداری, $310.52 , $33.22 
224,6/17/2009,25,هوایی عادی,7.38,Bart Folk,شرکتی,مبلمان, $184.86 , $(33.95)
224,6/17/2009,44,هوایی عادی,5.98,Bart Folk,شرکتی,لوازم اداری, $267.85 , $(65.43)
224,6/17/2009,33,هوایی عادی,15.42,Bart Folk,شرکتی,لوازم اداری, $528.50 , $(149.92)
225,5/24/2011,24,هوایی عادی,5.58,Karen Ferguson,کار در منزل,لوازم اداری, $126.58 , $18.27 
225,5/24/2011,1,هوایی عادی,19.84,Karen Ferguson,کار در منزل,لوازم اداری, $23.70 , $(8.97)
229,12/28/2010,43,هوایی عادی,12.64,Matt Abelman,مصرف‌کننده,مبلمان, $586.11 , $98.44 
229,12/28/2010,24,هوایی عادی,24.92,Peter Fuller,مصرف‌کننده,لوازم اداری, $599.10 , $3.82 
230,10/26/2010,47,هوایی عادی,43.98,Erin Creighton,شرکتی,لوازم اداری," $2,029.75 ", $320.37 
230,10/26/2010,11,هوایی عادی,125.99,Erin Creighton,شرکتی,تکنولوژی," $1,118.40 ", $(212.33)
231,9/28/2009,2,هوایی عادی,363.25,Sean Braxton,کسب‌وکار کوچک,لوازم اداری, $689.74 , $(490.84)
258,12/28/2010,21,هوایی عادی,6.48,Liz Willingham,کار در منزل,لوازم اداری, $154.35 , $(91.14)
258,12/28/2010,7,کامیون تحویل,20.98,Liz Willingham,کار در منزل,لوازم اداری, $201.36 , $(284.40)
258,12/28/2010,33,هوایی عادی,6.54,Liz Willingham,کار در منزل,لوازم اداری, $216.77 , $(55.11)
261,6/28/2010,47,هوایی عادی,140.99,Sonia Sunley,کسب‌وکار کوچک,تکنولوژی," $5,677.61 "," $1,680.79 "
263,5/16/2009,25,هوایی عادی,5.4,Paul Lucas,شرکتی,لوازم اداری, $136.77 , $(136.25)
290,1/5/2009,24,هوایی عادی,7.64,Dorris Love,کار در منزل,لوازم اداری, $188.73 , $(32.48)
292,1/12/2012,43,هوایی عادی,9.9,Valerie Takahito,مصرف‌کننده,لوازم اداری, $412.62 , $175.54 
293,10/1/2012,49,کامیون تحویل,208.16,Barry French,مصرف‌کننده,لوازم اداری," $10,123.02 ", $457.81 
293,10/1/2012,27,هوایی عادی,8.69,Barry French,مصرف‌کننده,لوازم اداری, $244.57 , $46.71 
294,7/15/2010,35,هوایی عادی,193.17,Sanjit Chand,کار در منزل,لوازم اداری," $6,375.28 ", $489.02 
322,3/18/2012,20,هوایی عادی,155.99,Giulietta Weimer,شرکتی,تکنولوژی," $2,634.86 ", $257.76 
322,3/18/2012,46,هوایی عادی,6.48,Giulietta Weimer,شرکتی,لوازم اداری, $281.00 , $(291.59)
323,3/25/2009,20,هوایی عادی,5.68,Dario Medina,کسب‌وکار کوچک,لوازم اداری, $108.09 , $25.76 
323,3/25/2009,2,هوایی عادی,22.84,Dario Medina,کسب‌وکار کوچک,لوازم اداری, $55.34 , $(31.24)
324,3/19/2012,25,هوایی عادی,179.99,Frank Gastineau,کسب‌وکار کوچک,تکنولوژی," $3,872.63 ", $667.33 
325,10/16/2010,9,هوایی عادی,115.99,Craig Yedwab,شرکتی,تکنولوژی, $884.13 , $(178.71)
326,6/3/2011,34,هوایی عادی,5.99,Michelle Tran,مصرف‌کننده,لوازم اداری, $218.27 , $(44.14)
326,6/3/2011,17,هوایی عادی,5.81,Michelle Tran,مصرف‌کننده,لوازم اداری, $100.95 , $(21.30)
353,12/30/2010,21,هوایی عادی,2.21,Dean Percer,کار در منزل,لوازم اداری, $46.94 , $3.88 
355,6/13/2009,16,هوایی عادی,85.99,Henry MacAllister,کسب‌وکار کوچک,تکنولوژی," $1,239.63 ", $(172.55)
358,9/19/2010,33,کامیون تحویل,48.58,Ricardo Block,شرکتی,مبلمان," $1,640.90 "," $(1,348.06)"
358,9/19/2010,33,هوایی عادی,39.48,Ricardo Block,شرکتی,تکنولوژی," $1,235.87 ", $269.27 
359,12/18/2009,30,کامیون تحویل,124.49,Cari Sayre,شرکتی,مبلمان," $3,659.66 ", $(500.38)
384,3/2/2012,50,کامیون تحویل,146.05,Sonia Cooley,شرکتی,مبلمان," $7,666.04 "," $(1,820.84)"
386,1/24/2011,4,هوایی عادی,3.69,Tracy Poddar,شرکتی,لوازم اداری, $14.96 , $(0.03)
386,1/24/2011,4,هوایی عادی,3.85,Tracy Poddar,شرکتی,لوازم اداری, $15.69 , $(1.59)
388,12/15/2012,46,هوایی عادی,11.7,Jennifer Halladay,کار در منزل,لوازم اداری, $517.93 , $(94.73)
416,9/26/2010,20,هوایی سریع,65.99,Stuart Calhoun,مصرف‌کننده,تکنولوژی," $1,156.67 ", $88.52 
417,2/5/2009,39,کامیون تحویل,500.98,Robert Barroso,کسب‌وکار کوچک,تکنولوژی," $15,260.78 "," $8,734.88 "
417,2/5/2009,3,هوایی عادی,178.47,Robert Barroso,کسب‌وکار کوچک,لوازم اداری, $540.41 , $(170.98)
420,10/30/2011,8,هوایی عادی,4.98,Tony Sayre,کسب‌وکار کوچک,لوازم اداری, $43.29 , $(20.69)
420,10/30/2011,6,هوایی عادی,5.78,Tony Sayre,کسب‌وکار کوچک,لوازم اداری, $41.70 , $(14.56)
448,8/20/2011,22,هوایی عادی,65.99,Brad Thomas,شرکتی,تکنولوژی," $1,162.40 ", $(284.63)
449,7/19/2011,45,هوایی عادی,7.38,Candace McMahon,شرکتی,مبلمان, $356.70 , $(48.97)
450,3/4/2011,29,هوایی سریع,34.58,Matt Collins,مصرف‌کننده,لوازم اداری," $1,000.78 ", $109.33 
450,3/4/2011,35,هوایی عادی,15.7,Matt Collins,مصرف‌کننده,لوازم اداری, $543.72 , $(211.13)
454,12/26/2011,42,هوایی عادی,6.08,Darrin Martin,کسب‌وکار کوچک,لوازم اداری, $234.20 , $56.22 
481,10/7/2012,44,هوایی عادی,115.99,Art Foster,کار در منزل,تکنولوژی," $4,509.38 "," $1,426.26 "
483,7/10/2011,30,هوایی عادی,195.99,Clay Rozendal,شرکتی,تکنولوژی," $4,965.76 "," $1,198.97 "
487,8/17/2012,19,هوایی عادی,10.89,Valerie Dominguez,شرکتی,لوازم اداری, $210.40 , $(18.96)
512,5/19/2011,6,هوایی عادی,218.08,Sam Craven,کار در منزل,مبلمان," $1,309.53 ", $19.18 
512,5/19/2011,48,هوایی سریع,15.42,Sam Craven,کار در منزل,لوازم اداری, $806.37 , $(166.40)
513,4/30/2011,33,کامیون تحویل,150.89,Arthur Prichep,کار در منزل,مبلمان," $5,437.92 ", $(684.57)
515,8/28/2010,19,هوایی عادی,21.78,Carlos Soltero,مصرف‌کننده,لوازم اداری, $394.27 , $30.94 
515,8/28/2010,21,هوایی عادی,6.64,Carlos Soltero,مصرف‌کننده,مبلمان, $146.69 , $4.43 
548,9/20/2009,41,هوایی عادی,3.08,Sung Chung,کار در منزل,لوازم اداری, $129.49 , $36.02 
548,9/20/2009,29,هوایی عادی,6.48,Sung Chung,کار در منزل,لوازم اداری, $202.95 , $(50.64)
548,9/20/2009,26,هوایی عادی,125.99,Sung Chung,کار در منزل,تکنولوژی," $2,753.19 ", $510.49 
549,7/12/2012,13,هوایی عادی,4.98,Ken Brennan,مصرف‌کننده,لوازم اداری, $70.24 , $(59.75)
549,7/12/2012,5,هوایی عادی,6.48,Ken Brennan,مصرف‌کننده,لوازم اداری, $40.75 , $(27.57)
549,7/12/2012,30,هوایی سریع,38.94,Ken Brennan,مصرف‌کننده,لوازم اداری," $1,150.88 ", $(911.56)
610,8/1/2011,38,هوایی سریع,6.68,Joe Elijah,کار در منزل,لوازم اداری, $283.65 , $(29.21)
611,1/26/2010,47,هوایی عادی,17.7,Arthur Prichep,کار در منزل,لوازم اداری, $840.04 , $(131.27)
612,10/20/2012,50,هوایی عادی,5.28,Sheri Gordon,شرکتی,لوازم اداری, $262.87 , $(166.29)
612,10/20/2012,43,هوایی عادی,65.99,Sheri Gordon,شرکتی,تکنولوژی," $2,531.09 ", $881.68 
613,6/17/2011,12,هوایی عادی,7.3,Carl Jackson,شرکتی,لوازم اداری, $93.54 , $(54.04)
613,6/17/2011,22,هوایی عادی,42.76,Carl Jackson,شرکتی,لوازم اداری, $905.08 , $127.70 
614,11/30/2012,41,هوایی عادی,14.34,Dave Hallsten,شرکتی,مبلمان, $628.22 , $163.81 
614,11/30/2012,24,کامیون تحویل,138.75,Dave Hallsten,شرکتی,مبلمان," $3,366.10 ", $(335.32)
640,1/22/2010,39,کامیون تحویل,120.98,Tamara Chand,مصرف‌کننده,مبلمان," $4,913.69 "," $(1,153.90)"
640,1/22/2010,24,هوایی عادی,18.97,Tamara Chand,مصرف‌کننده,لوازم اداری, $464.77 , $29.42 
643,3/24/2011,21,هوایی سریع,138.14,Monica Federle,شرکتی,لوازم اداری," $2,781.82 ", $(695.26)
644,4/30/2012,5,کامیون تحویل,320.98,Bill Eplett,شرکتی,مبلمان," $1,679.58 ", $(171.92)
645,12/2/2009,42,هوایی عادی,12.95,Harold Engle,مصرف‌کننده,لوازم اداری, $557.85 , $89.45 
646,11/21/2009,18,هوایی عادی,9.31,Duane Huffman,کسب‌وکار کوچک,لوازم اداری, $173.20 , $(10.90)
678,2/26/2010,44,هوایی عادی,4.98,Dorothy Badders,کار در منزل,لوازم اداری, $228.41 , $(226.36)
706,9/8/2011,42,هوایی عادی,1.76,Sarah Jordon,مصرف‌کننده,لوازم اداری, $75.14 , $0.82 
710,1/1/2010,42,هوایی عادی,3.58,Susan MacKendrick,شرکتی,لوازم اداری, $161.77 , $(150.37)
710,1/1/2010,11,هوایی عادی,41.32,Susan MacKendrick,شرکتی,مبلمان, $447.09 , $89.03 
710,1/1/2010,29,کامیون تحویل,145.45,Susan MacKendrick,شرکتی,تکنولوژی," $4,192.88 ", $731.32 
738,3/1/2010,7,هوایی عادی,80.98,Caroline Jumper,شرکتی,لوازم اداری, $560.51 , $32.60 
738,3/1/2010,31,هوایی عادی,6.48,Caroline Jumper,شرکتی,لوازم اداری, $189.95 , $(56.68)
740,7/15/2011,6,هوایی عادی,4.98,Thomas Boland,شرکتی,لوازم اداری, $28.01 , $3.46 
769,6/1/2010,37,کامیون تحویل,115.99,Roy French,مصرف‌کننده,تکنولوژی," $4,261.94 ", $4.15 
771,6/16/2011,18,هوایی عادی,4.98,Darrin Van Huff,کار در منزل,لوازم اداری, $88.84 , $(38.35)
772,4/16/2010,35,هوایی عادی,17.52,Pamela Stobb,مصرف‌کننده,لوازم اداری, $589.24 , $(38.35)
772,4/16/2010,25,هوایی عادی,9.9,Pamela Stobb,مصرف‌کننده,لوازم اداری, $233.05 , $86.93 
773,9/25/2010,38,هوایی عادی,65.99,Helen Abelman,کار در منزل,تکنولوژی," $2,071.34 ", $324.93 
774,12/3/2011,17,هوایی عادی,4.48,Sibella Parks,کسب‌وکار کوچک,لوازم اداری, $126.57 , $(752.13)
775,3/17/2011,35,هوایی عادی,1.26,Peter McVee,کسب‌وکار کوچک,لوازم اداری, $43.57 , $(19.17)
775,3/17/2011,8,هوایی عادی,4.26,Peter McVee,کسب‌وکار کوچک,لوازم اداری, $31.87 , $(1.25)
801,2/17/2012,20,هوایی عادی,2.74,Thais Sissman,شرکتی,لوازم اداری, $59.85 , $(47.41)
802,1/4/2011,33,هوایی عادی,11.7,Kean Nguyen,شرکتی,لوازم اداری, $378.60 , $12.72 
802,1/4/2011,2,هوایی عادی,15.99,Kean Nguyen,شرکتی,تکنولوژی, $38.50 , $(52.14)
805,7/4/2011,39,هوایی عادی,4.97,Toby Swindell,کسب‌وکار کوچک,مبلمان, $197.56 , $(119.86)
807,11/23/2010,45,هوایی عادی,4.28,Neola Schneider,کار در منزل,لوازم اداری, $196.85 , $(166.85)
807,11/23/2010,32,هوایی عادی,3.95,Neola Schneider,کار در منزل,لوازم اداری, $124.56 , $(14.33)
832,4/18/2012,7,هوایی عادی,6.48,Alice McCarthy,شرکتی,لوازم اداری, $53.46 , $(17.58)
833,2/12/2009,1,هوایی عادی,12.53,Olvera Toch,کار در منزل,لوازم اداری, $19.32 , $(20.32)
834,5/22/2009,15,کامیون تحویل,115.99,Eugene Moren,کار در منزل,تکنولوژی," $1,813.04 ", $(164.40)
835,10/7/2011,18,هوایی عادی,6.48,Duane Huffman,کسب‌وکار کوچک,لوازم اداری, $125.16 , $(23.48)
837,6/14/2009,11,هوایی عادی,5.84,Sean O'Donnell,شرکتی,لوازم اداری, $65.70 , $13.41 
868,6/8/2012,32,هوایی عادی,21.78,Carlos Daly,کار در منزل,لوازم اداری, $716.84 , $134.72 
868,6/8/2012,31,هوایی عادی,47.98,Carlos Daly,کار در منزل,تکنولوژی," $1,474.33 ", $114.46 
870,6/19/2010,23,هوایی عادی,70.97,Valerie Dominguez,شرکتی,لوازم اداری," $1,661.04 ", $475.54 
871,11/14/2011,17,هوایی عادی,6.24,David Kendrick,کار در منزل,مبلمان, $104.94 , $(34.97)
896,3/8/2010,50,هوایی عادی,24.92,Edward Nazzal,کار در منزل,لوازم اداری," $1,246.52 ", $52.48 
898,6/2/2010,40,هوایی عادی,15.98,Sanjit Jacobs,مصرف‌کننده,تکنولوژی, $676.13 , $45.39 
898,6/2/2010,26,کامیون تحویل,296.18,Sanjit Jacobs,مصرف‌کننده,مبلمان," $7,668.55 ", $(715.78)
900,9/30/2009,29,هوایی عادی,40.98,Karen Carlisle,کار در منزل,لوازم اداری," $1,193.65 ", $507.58 
902,7/26/2009,10,هوایی عادی,207.48,Meg O'Connel,شرکتی,لوازم اداری," $1,925.83 ", $359.83 
928,3/1/2011,21,هوایی سریع,59.98,Anthony O'Donnell,مصرف‌کننده,لوازم اداری," $1,222.68 ", $300.97 
928,3/1/2011,26,هوایی سریع,14.58,Anthony O'Donnell,مصرف‌کننده,مبلمان, $390.20 , $45.00 
929,10/1/2012,21,هوایی عادی,10.97,Luke Foster,شرکتی,تکنولوژی, $227.66 , $(100.16)
929,10/1/2012,39,هوایی عادی,2.08,Luke Foster,شرکتی,لوازم اداری, $84.33 , $(64.29)
930,12/16/2009,22,هوایی سریع,41.32,Phillina Ober,کسب‌وکار کوچک,مبلمان, $922.39 , $(41.64)
930,12/16/2009,11,هوایی عادی,6.88,Phillina Ober,کسب‌وکار کوچک,لوازم اداری, $79.19 , $13.91 
933,8/4/2012,15,هوایی عادی,5.28,Claudia Miner,کسب‌وکار کوچک,لوازم اداری, $80.61 , $(4.72)
960,9/20/2009,46,هوایی عادی,13.73,Jim Kriz,مصرف‌کننده,مبلمان, $605.97 , $(22.72)
962,5/5/2009,33,هوایی عادی,122.99,Mike Vittorini,کسب‌وکار کوچک,لوازم اداری," $4,064.05 "," $1,408.19 "
962,5/5/2009,47,کامیون تحویل,68.81,Mike Vittorini,کسب‌وکار کوچک,لوازم اداری," $3,213.87 "," $(1,069.72)"
964,5/19/2011,50,هوایی عادی,5.98,Stefania Perrino,شرکتی,لوازم اداری, $315.02 , $95.16 
964,5/19/2011,4,هوایی عادی,9.93,Stefania Perrino,شرکتی,لوازم اداری, $40.02 , $(1.28)
965,5/14/2011,42,کامیون تحویل,280.98,Jas O'Carroll,شرکتی,مبلمان," $11,230.25 ", $(679.04)
967,6/20/2012,6,هوایی عادی,13.99,Maureen Gastineau,مصرف‌کننده,تکنولوژی, $90.56 , $(37.58)
967,6/20/2012,42,هوایی عادی,37.74,Maureen Gastineau,مصرف‌کننده,لوازم اداری," $1,634.90 ", $502.42 
967,6/20/2012,48,کامیون تحویل,227.55,Maureen Gastineau,مصرف‌کننده,مبلمان," $11,278.18 "," $1,836.81 "
994,4/19/2009,38,هوایی عادی,3.58,Kelly Lampkin,شرکتی,لوازم اداری, $132.07 , $14.00 
995,5/30/2011,46,هوایی عادی,39.89,Neola Schneider,کار در منزل,مبلمان," $1,815.49 ", $782.91 
998,11/25/2009,16,هوایی عادی,15.74,Allen Rosenblatt,کسب‌وکار کوچک,لوازم اداری, $248.26 , $93.80 
999,9/4/2010,6,هوایی عادی,95.43,Max Jones,کار در منزل,لوازم اداری, $583.64 , $(179.50)
1027,6/2/2012,19,کامیون تحویل,70.98,Hallie Redmond,کار در منزل,مبلمان," $1,406.15 ", $(379.10)
1028,1/5/2009,6,هوایی عادی,28.48,Matt Collins,مصرف‌کننده,تکنولوژی, $165.75 , $(28.46)
1028,1/5/2009,11,هوایی عادی,205.99,Matt Collins,مصرف‌کننده,تکنولوژی," $2,021.15 ", $(60.39)
1031,8/31/2009,34,هوایی عادی,6.37,Sanjit Jacobs,مصرف‌کننده,لوازم اداری, $226.10 , $(52.21)
1057,2/19/2012,41,هوایی عادی,8.46,Anthony Witt,شرکتی,تکنولوژی, $341.36 , $(52.48)
1058,4/25/2010,3,هوایی عادی,195.99,Jim Epp,کسب‌وکار کوچک,تکنولوژی, $469.44 , $(888.16)
1059,2/26/2009,22,هوایی عادی,5.34,Sean O'Donnell,شرکتی,لوازم اداری, $127.33 , $5.30 
1059,2/26/2009,24,هوایی عادی,40.98,Sean O'Donnell,شرکتی,لوازم اداری, $990.10 , $310.22 
1060,2/20/2010,30,هوایی عادی,37.7,Harold Dahlen,شرکتی,لوازم اداری," $1,187.55 ", $532.61 
1088,5/20/2012,13,هوایی عادی,20.97,Muhammed Yedwab,مصرف‌کننده,تکنولوژی, $269.02 , $(112.00)
1095,8/21/2011,28,هوایی عادی,4.98,Ed Braxton,مصرف‌کننده,لوازم اداری, $142.18 , $(50.14)
1127,9/18/2011,48,هوایی عادی,110.98,Stuart Calhoun,مصرف‌کننده,مبلمان," $5,340.50 "," $1,215.28 "
1154,2/14/2012,44,کامیون تحویل,100.98,Sylvia Foulston,کار در منزل,مبلمان," $4,462.23 ", $440.72 
1154,2/14/2012,11,هوایی عادی,71.37,Sylvia Foulston,کار در منزل,مبلمان, $663.78 , $(481.04)
1154,2/14/2012,23,هوایی عادی,4.91,Thea Hendricks,کار در منزل,لوازم اداری, $115.10 , $53.13 
1154,2/14/2012,7,هوایی سریع,70.97,Thea Hendricks,کار در منزل,لوازم اداری, $516.65 , $57.10 
1185,8/23/2012,7,هوایی عادی,55.48,Ionia McGrath,کار در منزل,لوازم اداری, $374.78 , $20.03 
1187,11/19/2012,14,هوایی عادی,15.98,Guy Armstrong,شرکتی,تکنولوژی, $222.91 , $20.21 
1189,4/8/2009,27,هوایی عادی,4.42,Aaron Smayling,کسب‌وکار کوچک,لوازم اداری, $129.10 , $(59.82)
1191,11/6/2011,35,کامیون تحویل,100.8,Karl Brown,کار در منزل,مبلمان," $3,532.96 ", $(243.60)
1217,4/25/2012,25,هوایی عادی,28.48,Sung Shariari,شرکتی,تکنولوژی, $662.16 , $185.21 
1218,6/19/2009,3,هوایی عادی,14.42,Craig Carroll,شرکتی,لوازم اداری, $46.46 , $(25.13)
1221,4/18/2012,1,هوایی عادی,8.6,Lela Donovan,شرکتی,لوازم اداری, $14.68 , $(13.78)
1221,4/18/2012,11,هوایی عادی,896.99,Lela Donovan,شرکتی,لوازم اداری," $10,145.14 "," $3,724.57 "
1221,4/18/2012,16,هوایی عادی,4.24,Lela Donovan,شرکتی,لوازم اداری, $68.45 , $(57.88)
1222,2/4/2010,48,هوایی عادی,5.28,Nicole Brennan,کار در منزل,لوازم اداری, $257.39 , $(121.91)
1253,1/25/2010,15,هوایی عادی,31.98,Tanja Norvell,مصرف‌کننده,لوازم اداری, $494.34 , $(30.19)
1280,1/10/2010,40,هوایی عادی,20.97,Harold Dahlen,شرکتی,تکنولوژی, $827.27 , $(170.87)
1282,2/27/2012,26,هوایی عادی,31.78,Emily Grady,کار در منزل,تکنولوژی, $892.38 , $366.48 
1282,2/27/2012,10,هوایی عادی,2.78,Emily Grady,کار در منزل,لوازم اداری, $29.41 , $(2.06)
1285,5/31/2012,27,کامیون تحویل,130.98,Sally Matthias,شرکتی,مبلمان," $3,874.12 ", $(305.98)
1285,5/31/2012,8,کامیون تحویل,218.75,Sally Matthias,شرکتی,مبلمان," $1,452.22 ", $(277.29)
1286,5/13/2010,46,هوایی عادی,5.18,Lena Creighton,کار در منزل,لوازم اداری, $234.37 , $(144.68)
1286,5/13/2010,14,هوایی عادی,85.99,Lena Creighton,کار در منزل,تکنولوژی," $1,000.36 ", $229.78 
1287,7/4/2009,39,هوایی عادی,105.29,Mitch Willingham,شرکتی,مبلمان," $3,908.65 ", $480.57 
1313,9/12/2009,34,هوایی عادی,22.84,Sally Matthias,کار در منزل,لوازم اداری, $840.07 , $(83.75)
1314,5/12/2009,4,هوایی عادی,9.27,Justin Knight,شرکتی,لوازم اداری, $42.58 , $(7.61)
1317,5/18/2011,44,هوایی عادی,11.7,Janet Lee,مصرف‌کننده,لوازم اداری, $523.42 , $39.42 
1317,5/18/2011,40,هوایی عادی,4.98,Janet Lee,مصرف‌کننده,لوازم اداری, $192.54 , $(186.73)
1317,5/18/2011,29,هوایی عادی,5.28,Janet Lee,مصرف‌کننده,لوازم اداری, $156.70 , $(76.64)
1344,4/15/2012,15,هوایی عادی,65.99,Jim Radford,شرکتی,تکنولوژی, $834.90 , $(11.68)
1344,4/15/2012,18,هوایی عادی,155.99,Jim Radford,شرکتی,تکنولوژی," $2,480.92 ", $313.58 
1345,10/27/2012,24,کامیون تحویل,100.98,Ritsa Hightower,شرکتی,مبلمان," $2,443.85 ", $(120.85)
1346,6/17/2012,48,کامیون تحویل,100.98,Theone Pippenger,شرکتی,مبلمان," $4,789.89 ", $421.15 
1382,8/16/2010,5,هوایی عادی,20.99,Corey Catlett,کار در منزل,تکنولوژی, $89.34 , $(107.10)
1382,8/16/2010,39,هوایی عادی,3.98,Corey Catlett,کار در منزل,لوازم اداری, $158.46 , $(130.66)
1382,8/16/2010,31,کامیون تحویل,220.98,Corey Catlett,کار در منزل,مبلمان," $7,180.83 ", $487.17 
1383,4/26/2010,43,هوایی عادی,415.88,Frank Merwin,مصرف‌کننده,لوازم اداری," $17,129.97 "," $5,616.08 "
1411,12/20/2009,39,کامیون تحویل,160.98,Ed Jacobs,کسب‌وکار کوچک,مبلمان," $5,748.20 ", $(459.86)
1411,12/20/2009,47,هوایی عادی,175.99,Ed Jacobs,کسب‌وکار کوچک,تکنولوژی," $6,717.93 "," $1,717.89 "
1412,3/12/2010,13,هوایی سریع,3.69,Carlos Soltero,مصرف‌کننده,لوازم اداری, $59.03 , $26.92 
1412,3/12/2010,21,هوایی عادی,4.71,Carlos Soltero,مصرف‌کننده,لوازم اداری, $97.48 , $(5.77)
1414,8/15/2011,44,کامیون تحویل,105.49,Carol Darley,کسب‌وکار کوچک,مبلمان," $4,530.96 ", $(993.35)
1440,8/9/2011,41,هوایی عادی,17.67,Stefanie Holloman,کسب‌وکار کوچک,مبلمان, $726.22 , $52.47 
1444,12/5/2009,32,هوایی سریع,699.99,Noel Staavos,کار در منزل,تکنولوژی," $21,717.36 "," $8,249.86 "
1444,12/5/2009,13,کامیون تحویل,1360.14,Noel Staavos,کار در منزل,تکنولوژی," $15,823.27 "," $1,759.34 "
1444,12/5/2009,2,هوایی عادی,6.48,Noel Staavos,کار در منزل,لوازم اداری, $21.44 , $(13.67)
1444,12/5/2009,24,هوایی عادی,17.15,Noel Staavos,کار در منزل,لوازم اداری, $416.40 , $24.33 
1444,12/5/2009,25,هوایی عادی,30.98,Noel Staavos,کار در منزل,لوازم اداری, $772.24 , $181.98 
1445,1/9/2011,3,هوایی عادی,420.98,Shahid Shariari,شرکتی,لوازم اداری," $1,326.09 ", $(20.55)
1445,1/9/2011,30,هوایی عادی,11.97,Shahid Shariari,شرکتی,لوازم اداری, $339.49 , $(74.21)
1447,10/14/2012,40,هوایی عادی,65.99,Barry Gonzalez,مصرف‌کننده,تکنولوژی," $2,135.97 ", $239.40 
1504,8/27/2012,31,هوایی عادی,10.01,Maribeth Schnelling,شرکتی,تکنولوژی, $293.18 , $64.22 
1507,10/13/2010,29,هوایی عادی,152.48,Harold Ryan,کار در منزل,تکنولوژی," $4,345.86 ", $126.62 
1537,2/14/2012,5,هوایی عادی,2.16,Grant Thornton,شرکتی,لوازم اداری, $16.60 , $(20.30)
1538,6/17/2011,15,هوایی عادی,95.99,Ted Trevino,شرکتی,تکنولوژی," $1,297.30 ", $149.82 
1539,3/9/2011,33,هوایی عادی,15.99,Carl Ludwig,شرکتی,لوازم اداری, $511.83 , $(172.88)
1539,3/9/2011,38,هوایی عادی,4.89,Carl Ludwig,شرکتی,تکنولوژی, $184.99 , $(144.55)
1540,8/4/2012,30,هوایی عادی,2.88,Don Miller,کار در منزل,لوازم اداری, $80.90 , $5.76 
1542,9/14/2010,47,هوایی عادی,48.58,Linda Southworth,مصرف‌کننده,لوازم اداری," $2,150.25 ", $586.93 
1542,9/14/2010,13,هوایی عادی,35.51,Linda Southworth,مصرف‌کننده,لوازم اداری, $448.00 , $27.20 
1573,12/27/2012,13,کامیون تحویل,60.89,Lena Radford,کسب‌وکار کوچک,مبلمان, $759.94 , $(226.45)
1575,9/12/2011,26,هوایی عادی,4.98,Dave Poirier,کسب‌وکار کوچک,لوازم اداری, $133.65 , $56.28 
1575,9/12/2011,10,هوایی عادی,65.99,Dave Poirier,کسب‌وکار کوچک,تکنولوژی, $525.67 , $(147.02)
1600,3/2/2010,32,هوایی عادی,9.65,Liz MacKendrick,شرکتی,مبلمان, $303.59 , $(45.99)
1600,3/2/2010,36,هوایی عادی,4.98,Liz MacKendrick,شرکتی,لوازم اداری, $191.60 , $(150.74)
1604,7/16/2010,47,هوایی عادی,12.64,Rick Wilson,مصرف‌کننده,مبلمان, $622.82 , $128.88 
1637,2/7/2011,36,هوایی سریع,35.48,Aleksandra Gannaway,شرکتی,لوازم اداری," $1,225.52 "," $(1,191.13)"
1637,2/7/2011,10,هوایی عادی,99.99,Aleksandra Gannaway,شرکتی,تکنولوژی," $1,024.29 ", $(95.52)
1637,2/7/2011,47,هوایی عادی,30.98,Aleksandra Gannaway,شرکتی,لوازم اداری," $1,348.57 ", $19.57 
1639,8/19/2011,24,هوایی عادی,6.78,Sean Christensen,کار در منزل,لوازم اداری, $163.14 , $(62.20)
1665,5/7/2009,26,هوایی عادی,35.99,John Lucas,شرکتی,تکنولوژی, $755.61 , $149.17 
1666,10/17/2011,19,هوایی سریع,315.98,Nona Balk,شرکتی,لوازم اداری," $5,642.18 "," $1,996.68 "
1699,12/29/2010,40,هوایی عادی,11.09,Art Ferguson,شرکتی,لوازم اداری, $430.88 , $39.00 
1701,5/18/2012,49,هوایی عادی,40.98,Ed Ludwig,مصرف‌کننده,تکنولوژی," $2,047.58 ", $902.62 
1701,5/18/2012,1,هوایی عادی,40.97,Ed Ludwig,مصرف‌کننده,مبلمان, $56.61 , $(22.16)
1702,5/6/2011,23,هوایی عادی,2.84,Annie Cyprus,کار در منزل,لوازم اداری, $67.24 , $4.90 
1761,12/23/2010,25,کامیون تحویل,449.99,Carl Ludwig,شرکتی,تکنولوژی," $12,028.23 ", $(547.61)
1762,8/19/2009,29,هوایی عادی,31.78,Lisa Hazard,کار در منزل,تکنولوژی, $857.11 , $285.20 
1762,8/19/2009,11,هوایی عادی,5.98,Lisa Hazard,کار در منزل,لوازم اداری, $69.60 , $6.46 
1762,8/19/2009,43,هوایی سریع,35.99,Lisa Hazard,کار در منزل,تکنولوژی," $1,279.51 ", $384.20 
1764,3/24/2012,7,هوایی عادی,8.34,Hallie Redmond,کسب‌وکار کوچک,لوازم اداری, $59.99 , $(13.78)
1767,3/13/2011,10,هوایی عادی,4.71,Roger Barcio,شرکتی,لوازم اداری, $46.34 , $(7.76)
1792,11/8/2010,28,هوایی عادی,13.48,Carlos Soltero,مصرف‌کننده,لوازم اداری, $370.48 , $(5.45)
1793,7/11/2012,36,هوایی عادی,6.28,Joni Blumstein,کار در منزل,لوازم اداری, $233.43 , $(71.90)
1796,11/20/2012,43,هوایی عادی,4.13,Deanra Eno,شرکتی,لوازم اداری, $183.41 , $(125.41)
1799,3/6/2009,10,کامیون تحویل,113.98,Trudy Schmidt,کسب‌وکار کوچک,مبلمان," $1,187.12 ", $(127.30)
1799,3/6/2009,16,هوایی عادی,6.48,Trudy Schmidt,کسب‌وکار کوچک,لوازم اداری, $108.31 , $(52.77)
1824,5/4/2009,39,هوایی عادی,276.2,Becky Pak,شرکتی,مبلمان," $10,656.26 "," $3,116.54 "
1824,5/4/2009,2,هوایی عادی,6.28,Becky Pak,شرکتی,مبلمان, $17.06 , $(5.20)
1825,12/4/2010,22,هوایی عادی,1.76,Aaron Smayling,کسب‌وکار کوچک,لوازم اداری, $38.26 , $(2.34)
1826,4/15/2012,5,هوایی عادی,4.98,Susan Vittorini,شرکتی,لوازم اداری, $28.32 , $(14.35)
1829,5/7/2009,48,هوایی عادی,2.78,Tom Stivers,کسب‌وکار کوچک,لوازم اداری, $133.04 , $6.73 
1831,12/1/2010,33,کامیون تحویل,370.98,Ken Brennan,کار در منزل,لوازم اداری," $12,586.19 ", $619.71 
1856,3/19/2012,24,هوایی عادی,60.98,Alex Avila,کار در منزل,لوازم اداری," $1,449.30 ", $(712.14)
1856,3/19/2012,43,هوایی عادی,125.99,Alex Avila,کار در منزل,تکنولوژی," $4,374.69 ", $973.16 
1856,3/19/2012,44,هوایی عادی,125.99,Alex Avila,کار در منزل,تکنولوژی," $4,283.24 ", $676.13 
1857,1/12/2010,37,هوایی عادی,5.58,Roy Phan,مصرف‌کننده,لوازم اداری, $199.76 , $20.00 
1863,9/22/2010,26,کامیون تحویل,95.95,Sung Pak,کسب‌وکار کوچک,مبلمان," $2,415.38 "," $(1,131.60)"
1888,10/30/2010,38,کامیون تحویل,31.76,Kean Thornton,شرکتی,مبلمان," $1,264.46 "," $(1,249.39)"
1888,10/30/2010,35,هوایی عادی,4.57,Kean Thornton,شرکتی,لوازم اداری, $158.25 , $(114.74)
1891,12/14/2009,3,هوایی عادی,107.53,Jeremy Ellison,کسب‌وکار کوچک,مبلمان, $302.36 , $290.31 
1892,3/25/2009,47,هوایی عادی,3.98,Joe Kamberova,کسب‌وکار کوچک,لوازم اداری, $193.63 , $(152.52)
1892,3/25/2009,9,هوایی عادی,6.48,Joe Kamberova,کسب‌وکار کوچک,لوازم اداری, $64.29 , $(18.85)
1895,5/29/2009,5,هوایی عادی,6.48,Mitch Willingham,شرکتی,لوازم اداری, $41.25 , $(23.25)
1921,1/17/2009,24,کامیون تحویل,328.14,Benjamin Venier,کسب‌وکار کوچک,لوازم اداری," $7,871.91 ", $541.47 
1925,3/4/2012,40,هوایی عادی,22.98,Brian Moss,شرکتی,تکنولوژی, $909.82 , $292.49 
1925,3/4/2012,7,هوایی عادی,276.2,Brian Moss,شرکتی,مبلمان," $1,874.37 ", $67.84 
1952,3/15/2009,24,کامیون تحویل,296.18,Alejandro Grove,شرکتی,مبلمان," $7,287.55 ", $(715.78)
1953,11/29/2010,13,هوایی عادی,10.91,Sam Zeldin,کسب‌وکار کوچک,لوازم اداری, $137.64 , $19.59 
1985,9/1/2009,33,کامیون تحویل,535.64,Katherine Murray,کار در منزل,تکنولوژی," $15,464.01 "," $4,407.44 "
1985,9/1/2009,1,هوایی عادی,5.78,Katherine Murray,کار در منزل,لوازم اداری, $11.35 , $(7.96)
1988,10/5/2011,9,هوایی عادی,13.48,Paul Knutson,شرکتی,لوازم اداری, $122.14 , $(16.99)
1991,9/6/2012,27,هوایی عادی,136.98,Barry Franz,شرکتی,مبلمان," $3,491.06 ", $921.70 
1991,9/6/2012,37,کامیون تحویل,399.98,Barry Franz,شرکتی,تکنولوژی," $14,383.83 "," $5,050.10 "
2020,6/20/2010,42,هوایی عادی,5.02,Sandra Glassco,کار در منزل,تکنولوژی, $213.75 , $(188.77)
2022,3/14/2012,45,هوایی عادی,3.95,Alan Hwang,شرکتی,لوازم اداری, $186.44 , $(157.18)
2023,5/5/2012,4,هوایی عادی,73.98,Sam Craven,کار در منزل,تکنولوژی, $294.89 , $(321.84)
2023,5/5/2012,50,هوایی عادی,4.98,Sam Craven,کار در منزل,لوازم اداری, $246.57 , $(132.51)
2048,11/14/2010,12,کامیون تحویل,294.62,Deanra Eno,شرکتی,لوازم اداری," $3,752.61 ", $637.93 
2048,11/14/2010,9,هوایی سریع,60.97,Deanra Eno,شرکتی,لوازم اداری, $548.36 , $78.63 
2050,6/1/2009,16,هوایی عادی,2.89,James Galang,مصرف‌کننده,لوازم اداری, $44.46 , $5.27 
2050,6/1/2009,25,هوایی عادی,22.84,James Galang,مصرف‌کننده,لوازم اداری, $542.11 , $(14.76)
2052,4/12/2012,23,هوایی عادی,4.13,Rob Lucas,کسب‌وکار کوچک,لوازم اداری, $107.93 , $(68.14)
2053,2/6/2011,39,کامیون تحویل,500.98,Todd Boyes,مصرف‌کننده,مبلمان," $19,342.84 "," $5,603.95 "
2053,2/6/2011,7,هوایی عادی,140.99,Todd Boyes,مصرف‌کننده,تکنولوژی, $771.78 , $(449.53)
2054,6/7/2012,1,هوایی عادی,363.25,Katrina Willman,مصرف‌کننده,لوازم اداری, $343.78 , $(246.51)
2054,6/7/2012,34,هوایی عادی,22.98,Katrina Willman,مصرف‌کننده,مبلمان, $826.09 , $215.86 
2055,9/3/2010,7,هوایی عادی,8.74,Nora Paige,کسب‌وکار کوچک,لوازم اداری, $66.41 , $(32.35)
2084,3/16/2010,16,هوایی عادی,40.99,Andy Reiter,شرکتی,لوازم اداری, $692.73 , $94.97 
2086,10/18/2009,24,هوایی سریع,55.98,Brian Moss,شرکتی,لوازم اداری," $1,411.58 ", $699.31 
2086,10/18/2009,38,هوایی عادی,65.99,Brian Moss,شرکتی,تکنولوژی," $2,115.24 ", $371.41 
2086,10/18/2009,9,هوایی عادی,128.24,Brian Moss,شرکتی,مبلمان," $1,246.68 ", $218.48 
2144,3/28/2009,40,هوایی عادی,175.99,Jonathan Doherty,شرکتی,تکنولوژی," $5,945.37 "," $1,585.48 "
2146,9/13/2012,41,هوایی عادی,175.99,Todd Boyes,کسب‌وکار کوچک,تکنولوژی," $6,111.17 "," $1,663.08 "
2146,9/13/2012,44,هوایی عادی,2.61,Todd Boyes,کسب‌وکار کوچک,لوازم اداری, $113.71 , $41.70 
2147,9/5/2012,15,هوایی سریع,40.98,Hallie Redmond,کار در منزل,لوازم اداری, $605.10 , $92.81 
2149,3/12/2010,4,هوایی عادی,9.38,Lori Olson,مصرف‌کننده,مبلمان, $43.56 , $21.21 
2150,6/2/2009,21,کامیون تحویل,179.29,Vivian Mathis,شرکتی,مبلمان," $3,905.75 ", $55.30 
2181,9/12/2011,40,هوایی عادی,2.61,Kelly Lampkin,کار در منزل,لوازم اداری, $102.56 , $36.62 
2181,9/12/2011,3,هوایی سریع,3.49,Kelly Lampkin,کار در منزل,لوازم اداری, $15.87 , $2.53 
2208,4/30/2011,7,هوایی عادی,11.5,Jack O'Briant,کار در منزل,لوازم اداری, $82.06 , $(26.99)
2208,4/30/2011,41,هوایی عادی,599.99,Jack O'Briant,کار در منزل,تکنولوژی," $23,281.05 "," $9,097.65 "
2209,7/9/2012,27,کامیون تحویل,320.98,Pete Armstrong,مصرف‌کننده,مبلمان," $9,418.73 "," $2,245.24 "
2209,7/9/2012,1,هوایی عادی,4.76,Pete Armstrong,مصرف‌کننده,لوازم اداری, $5.68 , $(1.82)
2209,7/9/2012,42,هوایی عادی,4.28,Pete Armstrong,مصرف‌کننده,لوازم اداری, $174.59 , $25.88 
2209,7/9/2012,13,هوایی عادی,125.99,Pete Armstrong,مصرف‌کننده,تکنولوژی," $1,265.50 ", $(161.12)
2211,6/29/2009,22,هوایی عادی,73.98,Vivian Mathis,کار در منزل,تکنولوژی," $1,651.09 ", $(2.38)
2211,6/29/2009,14,هوایی عادی,5.98,Vivian Mathis,کار در منزل,لوازم اداری, $95.89 , $(46.31)
2211,6/29/2009,23,هوایی عادی,3.57,Vivian Mathis,کار در منزل,لوازم اداری, $80.38 , $(71.11)
2213,1/14/2010,6,هوایی عادی,5.78,Sam Zeldin,کسب‌وکار کوچک,لوازم اداری, $40.31 , $(32.27)
2240,3/5/2012,17,هوایی عادی,10.64,Sarah Brown,مصرف‌کننده,مبلمان, $186.02 , $16.48 
2240,3/5/2012,5,هوایی عادی,28.15,Sarah Brown,مصرف‌کننده,لوازم اداری, $142.44 , $(22.12)
2241,5/10/2010,38,هوایی عادی,24.95,Sarah Brown,مصرف‌کننده,لوازم اداری, $967.78 , $369.33 
2244,1/8/2010,19,هوایی سریع,3.8,Elpida Rittenbach,مصرف‌کننده,لوازم اداری, $88.61 , $21.47 
2247,8/1/2012,6,کامیون تحویل,3502.14,Clay Cheatham,کسب‌وکار کوچک,تکنولوژی," $21,134.71 "," $(4,266.09)"
2272,4/12/2010,39,کامیون تحویل,212.6,Grant Donatelli,مصرف‌کننده,مبلمان," $7,680.29 ", $(513.79)
2275,10/21/2012,49,هوایی عادی,6.08,Grant Carroll,کسب‌وکار کوچک,لوازم اداری, $278.00 , $41.67 
2277,1/1/2011,10,هوایی عادی,5.98,Don Miller,کار در منزل,تکنولوژی, $66.54 , $(46.03)
2277,1/1/2011,21,هوایی عادی,40.99,Don Miller,کار در منزل,لوازم اداری, $845.32 , $33.67 
2279,2/22/2010,49,کامیون تحویل,90.98,Rob Haberlin,شرکتی,مبلمان," $4,577.18 ", $205.83 
2279,2/22/2010,39,هوایی عادی,20.98,Rob Haberlin,شرکتی,لوازم اداری, $845.90 , $52.53 
2305,1/25/2010,33,کامیون تحویل,100.98,Maribeth Dona,کار در منزل,مبلمان," $3,116.47 "," $(1,578.26)"
2305,1/25/2010,1,هوایی عادی,6.68,Maribeth Dona,کار در منزل,لوازم اداری, $12.41 , $(9.08)
2305,1/25/2010,11,هوایی عادی,120.33,Maribeth Dona,کار در منزل,لوازم اداری," $1,382.80 ", $141.31 
2306,7/25/2011,15,هوایی عادی,7.45,Liz Thompson,شرکتی,لوازم اداری, $113.50 , $(46.35)
2307,6/28/2010,32,هوایی عادی,5.98,Carol Adams,شرکتی,لوازم اداری, $182.33 , $40.85 
2309,9/3/2011,7,هوایی عادی,3.8,Eric Barreto,مصرف‌کننده,لوازم اداری, $27.01 , $(1.30)
2311,5/1/2011,31,هوایی عادی,40.89,Fred Harton,کار در منزل,مبلمان," $1,324.09 ", $94.96 
2339,12/14/2010,12,هوایی عادی,140.85,Jennifer Braxton,کسب‌وکار کوچک,لوازم اداری," $1,634.98 ", $(120.45)
2341,5/29/2010,29,هوایی عادی,5.78,Sara Luxemburg,کسب‌وکار کوچک,لوازم اداری, $157.49 , $(58.25)
2368,8/19/2010,36,هوایی عادی,14.81,Sally Hughsby,مصرف‌کننده,لوازم اداری, $508.73 , $(229.67)
2370,1/16/2009,6,هوایی عادی,110.98,Sanjit Jacobs,مصرف‌کننده,مبلمان, $679.60 , $(85.76)
2370,1/16/2009,30,هوایی عادی,8.01,Sanjit Jacobs,مصرف‌کننده,لوازم اداری, $257.42 , $59.18 
2373,3/11/2009,36,هوایی عادی,8.6,Craig Carroll,شرکتی,لوازم اداری, $317.59 , $(46.12)
2374,10/28/2010,21,هوایی سریع,2.84,Vivek Gonzalez,مصرف‌کننده,لوازم اداری, $78.17 , $(72.70)
2433,8/21/2009,14,کامیون تحویل,2036.48,Cari Sayre,شرکتی,تکنولوژی," $24,105.87 "," $4,073.25 "
2436,9/10/2011,14,هوایی سریع,22.84,Adam Hart,شرکتی,لوازم اداری, $330.21 , $83.24 
2438,7/14/2010,20,هوایی عادی,14.48,Andrew Allen,شرکتی,لوازم اداری, $278.68 , $8.90 
2438,7/14/2010,23,هوایی عادی,35.99,Andrew Allen,شرکتی,تکنولوژی, $717.47 , $316.48 
2465,6/23/2011,28,هوایی عادی,39.48,Rob Haberlin,مصرف‌کننده,تکنولوژی," $1,082.45 ", $271.87 
2466,3/5/2009,25,هوایی عادی,107.53,Quincy Jones,کار در منزل,مبلمان," $2,553.84 ", $553.70 
2467,7/15/2011,30,کامیون تحویل,145.45,Caroline Jumper,شرکتی,تکنولوژی," $4,147.47 ", $586.61 
2497,8/26/2012,21,هوایی عادی,205.99,Michael Moore,شرکتی,تکنولوژی," $3,629.12 ", $636.03 
2500,8/14/2012,5,هوایی عادی,3.36,Bobby Elias,کسب‌وکار کوچک,لوازم اداری, $22.56 , $(25.56)
2503,6/19/2010,21,هوایی عادی,4.13,Maria Zettner,شرکتی,لوازم اداری, $91.15 , $(71.54)
2503,6/19/2010,46,هوایی عادی,4.13,Maria Zettner,شرکتی,لوازم اداری, $171.48 , $66.13 
2503,6/19/2010,9,هوایی عادی,20.99,Maria Zettner,شرکتی,تکنولوژی, $162.15 , $(73.74)
2530,3/20/2009,9,هوایی عادی,2.61,Rob Haberlin,شرکتی,لوازم اداری, $23.46 , $4.58 
2532,10/10/2011,39,هوایی عادی,7.31,Alan Barnes,شرکتی,لوازم اداری, $282.07 , $140.01 
2532,10/10/2011,24,هوایی عادی,20.99,Alan Barnes,شرکتی,تکنولوژی, $426.04 , $(78.96)
2535,5/24/2010,6,هوایی عادی,14.48,Roland Fjeld,شرکتی,تکنولوژی, $82.72 , $(29.71)
2560,9/4/2012,32,هوایی عادی,20.97,Harold Ryan,کار در منزل,تکنولوژی, $731.22 , $(84.07)
2560,9/4/2012,23,هوایی عادی,4.98,Harold Ryan,کار در منزل,لوازم اداری, $114.14 , $(65.62)
2562,7/31/2012,28,هوایی عادی,2.12,Cindy Chapman,مصرف‌کننده,تکنولوژی, $64.82 , $(32.03)
2562,7/31/2012,6,هوایی عادی,11.34,Cindy Chapman,مصرف‌کننده,لوازم اداری, $77.60 , $(37.07)
2562,7/31/2012,17,هوایی سریع,48.91,Cindy Chapman,مصرف‌کننده,لوازم اداری, $821.18 , $308.63 
2563,11/18/2010,12,هوایی عادی,2.61,Brenda Bowman,کسب‌وکار کوچک,لوازم اداری, $31.77 , $8.34 
2563,11/18/2010,33,هوایی عادی,5.98,Brenda Bowman,کسب‌وکار کوچک,لوازم اداری, $208.05 , $46.01 
2593,9/3/2010,5,هوایی سریع,420.98,John Dryer,شرکتی,لوازم اداری," $2,004.12 ", $276.68 
2593,9/3/2010,15,کامیون تحویل,243.98,John Dryer,شرکتی,مبلمان," $3,841.72 ", $691.13 
2595,12/13/2011,13,کامیون تحویل,880.98,Art Miller,شرکتی,مبلمان," $11,764.25 "," $2,322.44 "
2595,12/13/2011,4,هوایی عادی,5.47,Art Miller,شرکتی,مبلمان, $25.17 , $5.88 
2595,12/13/2011,29,هوایی سریع,6.48,Art Miller,شرکتی,لوازم اداری, $208.47 , $(125.60)
2626,9/7/2011,16,هوایی عادی,2.88,Christine Kargatis,کسب‌وکار کوچک,لوازم اداری, $48.37 , $18.02 
2628,10/21/2010,14,هوایی عادی,2.18,Eileen Kiefer,مصرف‌کننده,لوازم اداری, $34.59 , $(60.13)
2628,10/21/2010,29,کامیون تحویل,218.75,Eileen Kiefer,مصرف‌کننده,مبلمان," $5,029.22 ", $(752.83)
2630,10/23/2012,31,هوایی عادی,4.73,Patrick Ryan,شرکتی,لوازم اداری, $146.51 , $37.14 
2631,9/23/2010,27,هوایی عادی,40.96,Jack Garza,شرکتی,تکنولوژی," $1,078.49 ", $252.66 
2656,5/3/2010,3,کامیون تحویل,159.31,Nathan Cano,مصرف‌کننده,مبلمان, $523.11 , $(214.53)
2656,5/3/2010,29,هوایی عادی,35.99,Nathan Cano,مصرف‌کننده,تکنولوژی, $913.41 , $237.14 
2657,10/16/2011,30,کامیون تحویل,279.81,Troy Blackwell,کار در منزل,لوازم اداری," $8,316.76 "," $2,108.80 "
2657,10/16/2011,37,هوایی عادی,65.99,Troy Blackwell,کار در منزل,تکنولوژی," $2,143.22 ", $464.36 
2658,9/22/2011,34,هوایی عادی,6.48,Bill Shonely,کسب‌وکار کوچک,لوازم اداری, $229.51 , $(189.33)
2658,9/22/2011,32,هوایی سریع,15.42,Bill Shonely,کسب‌وکار کوچک,لوازم اداری, $473.00 , $(185.80)
2659,12/17/2010,50,هوایی عادی,18.97,Alice McCarthy,شرکتی,لوازم اداری, $881.65 , $41.27 
2688,1/23/2012,31,هوایی عادی,85.99,Thais Sissman,کسب‌وکار کوچک,تکنولوژی," $2,080.04 ", $844.90 
2688,1/23/2012,7,هوایی عادی,20.97,Thais Sissman,کسب‌وکار کوچک,تکنولوژی, $145.42 , $(98.46)
2688,1/23/2012,11,هوایی عادی,155.99,Thais Sissman,کسب‌وکار کوچک,تکنولوژی," $1,559.44 ", $61.24 
2691,4/29/2012,14,کامیون تحویل,260.98,Ted Trevino,شرکتی,مبلمان," $3,363.14 ", $98.75 
2720,6/7/2010,36,هوایی سریع,65.99,Christopher Martinez,کسب‌وکار کوچک,تکنولوژی," $2,051.02 ", $483.97 
2722,4/8/2009,46,هوایی عادی,40.97,Jay Fine,مصرف‌کننده,تکنولوژی," $1,895.55 ", $807.62 
2725,5/20/2009,39,هوایی سریع,65.99,Dave Poirier,کسب‌وکار کوچک,تکنولوژی," $2,178.43 ", $396.97 
2752,11/18/2010,30,هوایی عادی,22.98,Todd Boyes,کسب‌وکار کوچک,تکنولوژی, $695.47 , $226.73 
2752,11/18/2010,41,هوایی عادی,3.78,Todd Boyes,کسب‌وکار کوچک,لوازم اداری, $152.59 , $55.48 
2752,11/18/2010,10,هوایی عادی,34.76,Todd Boyes,کسب‌وکار کوچک,لوازم اداری, $365.62 , $15.77 
2752,11/18/2010,10,هوایی عادی,65.99,Todd Boyes,کسب‌وکار کوچک,تکنولوژی, $575.57 , $(86.52)
2754,4/2/2009,16,هوایی عادی,90.24,Philip Brown,کار در منزل,لوازم اداری," $1,427.67 ", $422.80 
2754,4/2/2009,11,هوایی سریع,47.9,Philip Brown,کار در منزل,لوازم اداری, $499.26 , $144.05 
2755,2/6/2012,30,هوایی عادی,24.95,Jane Waco,شرکتی,لوازم اداری, $736.30 , $259.07 
2755,2/6/2012,50,هوایی عادی,6.48,Jane Waco,شرکتی,لوازم اداری, $346.06 , $(76.54)
2756,4/17/2009,25,هوایی عادی,55.94,Denny Ordway,کسب‌وکار کوچک,تکنولوژی," $1,344.88 ", $(13.77)
2756,4/17/2009,42,هوایی عادی,6.3,Denny Ordway,کسب‌وکار کوچک,لوازم اداری, $248.54 , $111.75 
2757,7/19/2011,39,کامیون تحویل,95.95,Julia West,شرکتی,مبلمان," $3,554.46 "," $(1,766.01)"
2757,7/19/2011,42,هوایی سریع,12.98,Lycoris Saunders,شرکتی,لوازم اداری, $569.32 , $84.38 
2759,11/24/2010,25,هوایی عادی,30.98,Brenda Bowman,کسب‌وکار کوچک,تکنولوژی, $827.47 , $45.37 
2790,8/18/2009,7,هوایی عادی,5.44,Maribeth Dona,کار در منزل,لوازم اداری, $45.91 , $(35.54)
2790,8/18/2009,41,کامیون تحویل,549.99,Maribeth Dona,کار در منزل,تکنولوژی," $22,319.58 ", $(734.31)
2790,8/18/2009,15,هوایی سریع,22.01,Maribeth Dona,کار در منزل,لوازم اداری, $330.24 , $8.48 
2790,8/18/2009,15,هوایی عادی,34.76,Maribeth Dona,کار در منزل,لوازم اداری, $520.65 , $30.63 
2791,10/9/2009,47,هوایی عادی,3.89,Eugene Barchas,شرکتی,لوازم اداری, $191.67 , $(236.27)
2791,10/9/2009,49,کامیون تحویل,120.98,Eugene Barchas,شرکتی,مبلمان," $5,586.33 ", $80.44 
2791,10/9/2009,18,هوایی عادی,30.98,Eugene Barchas,شرکتی,لوازم اداری, $507.64 , $118.94 
2816,9/19/2009,35,هوایی عادی,21.98,Ross Baird,شرکتی,لوازم اداری, $787.56 , $220.04 
2817,4/18/2009,14,هوایی عادی,300.97,Luke Schmidt,کار در منزل,تکنولوژی," $3,830.14 ", $202.25 
2817,4/18/2009,40,هوایی عادی,39.89,Luke Schmidt,کار در منزل,مبلمان," $1,559.86 ", $672.37 
2818,12/11/2009,37,هوایی عادی,15.68,Ross Baird,شرکتی,مبلمان, $565.91 , $192.39 
2818,12/11/2009,39,هوایی عادی,14.98,Ross Baird,شرکتی,مبلمان, $593.21 , $44.71 
2818,12/11/2009,2,هوایی عادی,38.76,Ross Baird,شرکتی,لوازم اداری, $89.23 , $(42.72)
2823,9/8/2011,17,هوایی عادی,20.97,Robert Waldorf,کار در منزل,تکنولوژی, $357.43 , $(135.98)
2823,9/8/2011,21,کامیون تحویل,225.02,Robert Waldorf,کار در منزل,لوازم اداری," $4,754.08 ", $299.88 
2848,3/9/2012,35,هوایی سریع,43.31,Emily Grady,کار در منزل,مبلمان," $1,476.39 ", $(303.62)
2848,3/9/2012,8,هوایی عادی,125.99,Emily Grady,کار در منزل,تکنولوژی, $863.58 , $(264.28)
2852,1/15/2010,10,هوایی عادی,6.48,Luke Schmidt,کار در منزل,لوازم اداری, $74.87 , $(43.97)
2852,1/15/2010,42,هوایی عادی,115.99,Luke Schmidt,کار در منزل,تکنولوژی," $3,931.32 "," $1,025.45 "
2853,5/4/2009,25,هوایی سریع,178.47,Bill Tyler,مصرف‌کننده,لوازم اداری," $4,253.65 ", $943.00 
2882,8/21/2011,23,کامیون تحویل,160.98,Yoseph Carroll,مصرف‌کننده,مبلمان," $3,872.87 ", $565.34 
2882,8/21/2011,9,هوایی عادی,40.98,Yoseph Carroll,مصرف‌کننده,تکنولوژی, $356.72 , $12.61 
2883,1/22/2011,34,هوایی عادی,64.98,Rob Haberlin,مصرف‌کننده,لوازم اداری," $2,154.34 ", $177.66 
2885,9/18/2012,29,هوایی عادی,6.48,Nora Price,کار در منزل,لوازم اداری, $197.41 , $(128.68)
2885,9/18/2012,46,هوایی عادی,15.42,Nora Price,کار در منزل,لوازم اداری, $712.18 , $13.98 
2912,3/11/2012,7,کامیون تحویل,2550.14,Tamara Dahlen,شرکتی,تکنولوژی," $16,587.13 "," $(3,476.86)"
2912,3/11/2012,9,هوایی سریع,55.98,Tamara Dahlen,شرکتی,لوازم اداری, $507.98 , $170.90 
2914,3/2/2010,3,هوایی عادی,18.97,Maureen Gastineau,مصرف‌کننده,لوازم اداری, $62.88 , $(24.74)
2915,3/30/2009,41,هوایی عادی,5.98,Tim Brockman,مصرف‌کننده,لوازم اداری, $231.26 , $32.83 
2915,3/30/2009,23,هوایی عادی,39.98,Tim Brockman,مصرف‌کننده,تکنولوژی, $987.17 , $51.59 
2947,4/25/2011,8,هوایی عادی,6.48,Pete Armstrong,مصرف‌کننده,لوازم اداری, $57.04 , $(29.06)
2976,12/9/2010,30,کامیون تحویل,500.98,Edward Hooks,مصرف‌کننده,مبلمان," $14,223.82 "," $3,424.22 "
2978,5/2/2011,34,هوایی عادی,205.99,Alan Schoenberger,شرکتی,تکنولوژی," $6,264.19 "," $1,312.04 "
2978,5/2/2011,36,هوایی عادی,162.93,Alan Schoenberger,شرکتی,لوازم اداری," $5,410.95 "," $2,077.91 "
2978,5/2/2011,28,هوایی عادی,200.99,Alan Schoenberger,شرکتی,تکنولوژی," $4,671.15 ", $947.31 
3008,11/7/2011,41,هوایی عادی,162.93,Charles Crestani,مصرف‌کننده,لوازم اداری," $6,831.72 "," $3,081.02 "
3012,5/4/2010,41,هوایی عادی,2.78,Maxwell Schwartz,شرکتی,لوازم اداری, $120.03 , $10.50 
3014,10/29/2012,13,هوایی عادی,304.99,Pamela Stobb,مصرف‌کننده,لوازم اداری," $4,002.14 "," $1,314.39 "
3040,4/11/2010,13,هوایی سریع,6.48,Tracy Zic,مصرف‌کننده,لوازم اداری, $98.39 , $(31.54)
3042,11/20/2009,26,هوایی عادی,4.26,Christy Brittain,مصرف‌کننده,لوازم اداری, $103.87 , $15.42 
3046,11/29/2011,24,هوایی عادی,420.98,Sung Pak,کسب‌وکار کوچک,لوازم اداری," $10,094.43 "," $4,451.01 "
3073,1/7/2009,3,هوایی عادی,1.98,Jasper Cacioppo,کار در منزل,لوازم اداری, $10.58 , $(11.58)
3073,1/7/2009,3,هوایی سریع,699.99,Jasper Cacioppo,کار در منزل,تکنولوژی," $2,119.67 "," $(2,314.74)"
3073,1/7/2009,7,هوایی عادی,6783.02,Jasper Cacioppo,کار در منزل,تکنولوژی," $45,923.76 ", $102.61 
3078,2/11/2010,12,هوایی عادی,2.88,Paul Lucas,شرکتی,لوازم اداری, $33.86 , $0.35 
3078,2/11/2010,1,کامیون تحویل,291.73,Paul Lucas,شرکتی,مبلمان, $316.61 , $(187.29)
3104,9/15/2010,50,هوایی عادی,6.48,David Wiener,مصرف‌کننده,لوازم اداری, $336.06 , $(240.78)
3104,9/15/2010,24,هوایی سریع,15.94,David Wiener,مصرف‌کننده,لوازم اداری, $380.38 , $7.29 
3108,8/4/2010,36,هوایی عادی,1.82,Jack Garza,شرکتی,لوازم اداری, $65.39 , $(0.46)
3109,7/23/2010,47,هوایی عادی,22.23,Liz MacKendrick,شرکتی,مبلمان," $1,005.74 ", $199.30 
3109,7/23/2010,37,هوایی عادی,205.99,Liz MacKendrick,شرکتی,تکنولوژی," $6,477.74 "," $1,653.97 "
3110,12/16/2009,13,کامیون تحویل,119.99,Helen Andreada,شرکتی,تکنولوژی," $1,601.32 ", $377.81 
3136,8/9/2009,8,هوایی عادی,30.98,Paul Prost,شرکتی,لوازم اداری, $238.74 , $(38.89)
3138,2/8/2009,4,هوایی سریع,179.99,Bradley Nguyen,مصرف‌کننده,تکنولوژی, $718.03 , $(427.47)
3141,11/9/2011,30,هوایی عادی,18.89,Matt Collister,کار در منزل,تکنولوژی, $534.96 , $(26.72)
3168,1/29/2012,14,هوایی عادی,5.28,Jasper Cacioppo,کار در منزل,مبلمان, $80.60 , $(4.20)
3169,12/20/2010,7,هوایی عادی,4.42,Liz Carlisle,شرکتی,لوازم اداری, $35.58 , $(19.95)
3172,6/2/2012,33,هوایی عادی,20.99,Annie Thurman,مصرف‌کننده,تکنولوژی, $584.51 , $(95.98)
3175,7/14/2009,23,هوایی عادی,165.2,Bradley Drucker,کسب‌وکار کوچک,لوازم اداری," $3,553.62 ", $521.69 
3202,12/23/2012,10,هوایی عادی,53.98,Richard Eichhorn,مصرف‌کننده,تکنولوژی, $554.21 , $(105.37)
3205,4/10/2012,8,هوایی عادی,15.68,Alan Haines,مصرف‌کننده,مبلمان, $136.61 , $80.43 
3205,4/10/2012,42,هوایی سریع,71.37,Alan Haines,مصرف‌کننده,مبلمان," $2,907.63 ", $54.60 
3232,10/8/2012,5,هوایی عادی,7.84,Brad Eason,کسب‌وکار کوچک,لوازم اداری, $42.66 , $(11.83)
3235,11/14/2011,31,هوایی سریع,4.71,James Lanier,شرکتی,لوازم اداری, $142.97 , $(12.26)
3266,3/16/2011,4,هوایی عادی,3.8,Edward Becker,شرکتی,لوازم اداری, $17.12 , $(2.55)
3271,12/31/2011,45,کامیون تحویل,264.98,Joni Blumstein,کار در منزل,تکنولوژی," $11,532.99 "," $2,753.39 "
3271,12/31/2011,18,هوایی سریع,8.34,Joni Blumstein,کار در منزل,لوازم اداری, $146.10 , $51.14 
3297,11/2/2012,40,هوایی عادی,3.75,Raymond Book,مصرف‌کننده,لوازم اداری, $158.70 , $(196.80)
3300,7/14/2011,6,هوایی عادی,15.98,Bryan Spruell,کار در منزل,تکنولوژی, $92.02 , $(47.36)
3328,11/18/2012,12,کامیون تحویل,146.05,Adam Hart,شرکتی,مبلمان," $1,736.41 ", $(762.44)
3331,5/20/2010,31,هوایی عادی,4.91,Neil Knudson,شرکتی,لوازم اداری, $153.28 , $73.16 
3332,11/4/2009,6,هوایی عادی,3.26,Ben Peterman,شرکتی,لوازم اداری, $22.19 , $(3.51)
3333,9/15/2012,42,هوایی عادی,22.98,Sandra Flanagan,کار در منزل,لوازم اداری, $927.97 , $162.17 
3333,9/15/2012,9,هوایی عادی,6.48,Sandra Flanagan,کار در منزل,لوازم اداری, $59.05 , $(24.09)
3361,8/22/2012,49,هوایی عادی,4.28,Michael Granlund,شرکتی,لوازم اداری, $213.71 , $(208.02)
3361,8/22/2012,23,هوایی عادی,5.85,Michael Granlund,شرکتی,لوازم اداری, $133.66 , $(5.60)
3362,7/28/2011,40,هوایی عادی,40.98,Christina Vanderzanden,کسب‌وکار کوچک,تکنولوژی," $1,699.52 ", $734.75 
3362,7/28/2011,50,هوایی عادی,15.14,Christina Vanderzanden,کسب‌وکار کوچک,لوازم اداری, $760.85 , $(109.10)
3363,9/22/2011,21,هوایی عادی,415.88,Gary Zandusky,کار در منزل,لوازم اداری," $8,185.89 "," $2,137.28 "
3393,7/3/2011,7,هوایی سریع,15.98,Steve Carroll,مصرف‌کننده,تکنولوژی, $127.74 , $(5.57)
3393,7/3/2011,33,هوایی عادی,9.48,Steve Carroll,مصرف‌کننده,مبلمان, $325.92 , $(36.47)
3395,10/29/2009,31,هوایی سریع,5.38,Cathy Armstrong,مصرف‌کننده,لوازم اداری, $181.17 , $(59.88)
3395,10/29/2009,1,هوایی عادی,7.35,Cathy Armstrong,مصرف‌کننده,لوازم اداری, $13.16 , $(10.29)
3395,10/29/2009,7,هوایی عادی,15.57,Cathy Armstrong,مصرف‌کننده,لوازم اداری, $107.88 , $25.59 
3395,10/29/2009,29,هوایی عادی,20.89,Cathy Armstrong,مصرف‌کننده,لوازم اداری, $623.02 , $(255.66)
3397,6/22/2009,43,هوایی عادی,19.98,Alex Grayson,مصرف‌کننده,تکنولوژی, $815.89 , $(20.25)
3397,6/22/2009,11,هوایی عادی,2.88,Alex Grayson,مصرف‌کننده,لوازم اداری, $30.61 , $(3.38)
3456,5/31/2010,20,کامیون تحویل,280.98,George Zrebassa,کسب‌وکار کوچک,مبلمان," $5,418.68 ", $332.30 
3458,12/21/2009,41,هوایی عادی,15.28,Lisa DeCherney,شرکتی,تکنولوژی, $627.91 , $222.08 
3458,12/21/2009,28,هوایی عادی,1.76,Lisa DeCherney,شرکتی,لوازم اداری, $46.89 , $(3.83)
3459,7/27/2009,24,هوایی سریع,110.99,Gary McGarr,کار در منزل,تکنولوژی," $2,152.40 ", $218.87 
3460,10/2/2011,27,هوایی عادی,5.98,Steve Nguyen,مصرف‌کننده,لوازم اداری, $153.23 , $(95.15)
3461,1/30/2010,47,هوایی عادی,55.99,Susan Gilcrest,کار در منزل,تکنولوژی," $2,053.38 "," $1,040.40 "
3461,1/30/2010,35,هوایی عادی,115.99,Susan Gilcrest,کار در منزل,تکنولوژی," $3,206.40 ", $784.77 
3463,8/17/2010,43,هوایی عادی,6.48,Julia Dunbar,مصرف‌کننده,لوازم اداری, $264.75 , $(212.51)
3488,1/7/2011,39,کامیون تحویل,122.99,Mick Crebagga,کار در منزل,مبلمان," $4,669.19 "," $(1,864.08)"
3488,1/7/2011,6,هوایی عادی,21.98,Mick Crebagga,کار در منزل,لوازم اداری, $133.40 , $(0.31)
3492,11/23/2009,35,هوایی عادی,67.28,Roy Skaria,شرکتی,لوازم اداری," $2,393.63 ", $524.88 
3492,11/23/2009,49,کامیون تحویل,130.98,Roy Skaria,شرکتی,مبلمان," $6,177.53 "," $(1,195.12)"
3492,11/23/2009,33,هوایی عادی,2.78,Roy Skaria,شرکتی,لوازم اداری, $94.60 , $(6.34)
3493,8/23/2010,48,هوایی عادی,152.48,Patrick Jones,کار در منزل,تکنولوژی," $7,518.12 "," $1,027.63 "
3521,10/25/2012,50,هوایی عادی,4.28,Giulietta Baptist,کار در منزل,لوازم اداری, $204.11 , $28.71 
3522,9/25/2009,33,هوایی عادی,60.98,James Galang,مصرف‌کننده,لوازم اداری," $1,935.17 ", $(991.07)
3522,9/25/2009,27,هوایی عادی,29.89,James Galang,مصرف‌کننده,تکنولوژی, $812.68 , $235.88 
3524,5/2/2012,21,هوایی عادی,18.97,Nicole Hansen,کسب‌وکار کوچک,لوازم اداری, $427.32 , $52.35 
3525,12/21/2011,38,هوایی عادی,2.78,Bryan Spruell,کار در منزل,لوازم اداری, $115.43 , $11.41 
3526,3/15/2011,20,هوایی عادی,12.07,Tom Prescott,کسب‌وکار کوچک,مبلمان, $246.06 , $20.67 
3553,5/17/2009,7,هوایی عادی,2.94,Roy Skaria,شرکتی,لوازم اداری, $20.50 , $(4.04)
3554,6/16/2011,25,هوایی عادی,12.28,Ken Heidel,شرکتی,لوازم اداری, $288.91 , $(14.06)
3556,9/22/2012,48,هوایی عادی,5.74,George Zrebassa,کار در منزل,لوازم اداری, $269.37 , $(103.55)
3556,9/22/2012,41,هوایی عادی,128.24,George Zrebassa,کار در منزل,مبلمان," $4,933.99 "," $1,161.89 "
3559,10/23/2012,34,هوایی سریع,3.81,Logan Haushalter,شرکتی,لوازم اداری, $136.67 , $(117.92)
3585,11/22/2009,27,هوایی عادی,10.06,Ann Blume,شرکتی,لوازم اداری, $259.72 , $78.05 
3585,11/22/2009,34,هوایی عادی,1.68,Ann Blume,شرکتی,لوازم اداری, $54.69 , $(35.75)
3586,12/4/2010,32,هوایی عادی,12.58,Lena Cacioppo,کار در منزل,مبلمان, $383.57 , $70.51 
3586,12/4/2010,31,هوایی عادی,14.34,Lena Cacioppo,کار در منزل,مبلمان, $461.10 , $116.96 
3588,3/18/2011,42,هوایی عادی,8.67,Patrick Jones,کار در منزل,لوازم اداری, $374.38 , $(1.16)
3588,3/18/2011,21,هوایی عادی,73.98,Patrick Jones,کار در منزل,تکنولوژی," $1,557.42 ", $(123.81)
3588,3/18/2011,14,هوایی عادی,30.93,Patrick Jones,کار در منزل,مبلمان, $410.27 , $226.72 
3588,3/18/2011,18,کامیون تحویل,90.97,Patrick Jones,کار در منزل,تکنولوژی," $1,531.93 ", $326.56 
3589,5/25/2009,23,هوایی عادی,3.15,Denise Leinenbach,کار در منزل,لوازم اداری, $72.93 , $28.55 
3591,12/7/2010,3,کامیون تحویل,100.98,Herbert Flentye,کسب‌وکار کوچک,لوازم اداری, $321.57 , $(100.05)
3591,12/7/2010,12,کامیون تحویل,89.99,Herbert Flentye,کسب‌وکار کوچک,مبلمان," $1,085.16 ", $(311.54)
3621,5/5/2010,14,هوایی عادی,5.58,Eric Barreto,کسب‌وکار کوچک,لوازم اداری, $83.87 , $(28.83)
3622,11/26/2011,16,هوایی عادی,4.24,Steven Ward,مصرف‌کننده,لوازم اداری, $76.60 , $(48.51)
3648,6/16/2010,46,هوایی عادی,3.15,Philip Brown,کار در منزل,لوازم اداری, $134.81 , $52.36 
3648,6/16/2010,34,هوایی عادی,195.99,Philip Brown,کار در منزل,تکنولوژی," $5,488.53 "," $1,382.45 "
3649,7/5/2009,8,هوایی عادی,8.88,Brad Thomas,کار در منزل,لوازم اداری, $79.42 , $(15.46)
3649,7/5/2009,26,هوایی عادی,2.88,Brad Thomas,کار در منزل,لوازم اداری, $75.60 , $17.14 
3650,5/27/2012,36,هوایی سریع,3.58,Denise Monton,کار در منزل,لوازم اداری, $139.95 , $(128.59)
3650,5/27/2012,24,کامیون تحویل,216.6,Denise Monton,کار در منزل,مبلمان," $5,207.50 ", $166.44 
3653,3/26/2009,41,هوایی عادی,6.68,Lynn Smith,شرکتی,لوازم اداری, $271.11 , $64.79 
3654,6/2/2012,41,هوایی عادی,2.08,Karl Brown,شرکتی,مبلمان, $95.73 , $(151.15)
3654,6/2/2012,39,هوایی عادی,204.1,Karl Brown,شرکتی,تکنولوژی," $7,338.79 "," $4,031.62 "
3654,6/2/2012,47,کامیون تحویل,279.81,Karl Brown,شرکتی,لوازم اداری," $12,569.31 "," $3,160.63 "
3655,10/5/2012,3,هوایی عادی,15.99,Tony Sayre,کسب‌وکار کوچک,لوازم اداری, $62.54 , $(30.74)
3655,10/5/2012,24,هوایی عادی,125.99,Tony Sayre,کسب‌وکار کوچک,تکنولوژی," $2,750.11 ", $600.42 
3680,12/9/2012,27,هوایی عادی,6.48,Evan Henry,شرکتی,لوازم اداری, $177.95 , $(61.75)
3680,12/9/2012,24,هوایی سریع,3.8,Evan Henry,شرکتی,لوازم اداری, $99.53 , $18.28 
3685,1/16/2012,29,هوایی عادی,3.28,Mike Vittorini,کسب‌وکار کوچک,لوازم اداری, $106.78 , $(98.05)
3687,2/2/2010,25,هوایی عادی,3.29,Marc Harrigan,کار در منزل,لوازم اداری, $79.37 , $6.14 
3745,9/28/2010,38,هوایی سریع,29.18,Erin Smith,کار در منزل,مبلمان," $1,143.35 ", $411.10 
3746,9/10/2009,14,هوایی عادی,115.99,Alan Dominguez,شرکتی,تکنولوژی," $1,463.10 ", $162.67 
3746,9/10/2009,38,هوایی عادی,5.98,Alan Dominguez,شرکتی,لوازم اداری, $246.30 , $(67.49)
3749,2/23/2011,27,هوایی عادی,12.97,Ken Black,مصرف‌کننده,لوازم اداری, $353.62 , $140.15 
3750,4/29/2011,12,هوایی عادی,5.98,Aaron Smayling,کسب‌وکار کوچک,لوازم اداری, $76.16 , $(24.03)
3777,4/7/2009,14,هوایی سریع,17.67,Christine Kargatis,کسب‌وکار کوچک,مبلمان, $244.85 , $38.06 
3778,5/25/2010,34,هوایی عادی,8.32,Deirdre Greer,کار در منزل,تکنولوژی, $268.09 , $(63.76)
3778,5/25/2010,12,هوایی عادی,45.19,Deirdre Greer,کار در منزل,تکنولوژی, $557.03 , $8.95 
3778,5/25/2010,3,هوایی عادی,6.68,Deirdre Greer,کار در منزل,لوازم اداری, $26.53 , $(15.00)
3778,5/25/2010,34,هوایی عادی,175.99,Deirdre Greer,کار در منزل,تکنولوژی," $5,133.92 "," $1,313.95 "
3783,12/5/2010,11,هوایی عادی,8.12,Jonathan Doherty,شرکتی,تکنولوژی, $92.14 , $(40.25)
3783,12/5/2010,40,هوایی عادی,6.48,Jonathan Doherty,شرکتی,لوازم اداری, $257.43 , $(200.63)
3808,4/23/2009,2,هوایی عادی,2.89,Lynn Smith,شرکتی,لوازم اداری, $6.13 , $(2.83)
3810,9/16/2012,40,هوایی عادی,4.48,Tanja Norvell,شرکتی,لوازم اداری, $221.86 ," $(1,845.66)"
3810,9/16/2012,25,هوایی سریع,2.61,Tanja Norvell,شرکتی,لوازم اداری, $78.26 , $35.09 
3814,2/21/2011,43,هوایی سریع,28.28,Thomas Thornton,مصرف‌کننده,لوازم اداری," $1,225.41 ", $(138.02)
3841,10/4/2009,19,هوایی عادی,60.98,John Stevenson,کسب‌وکار کوچک,لوازم اداری," $1,184.45 ", $(552.10)
3841,10/4/2009,20,هوایی عادی,1270.99,John Stevenson,کسب‌وکار کوچک,لوازم اداری," $25,409.63 "," $11,535.28 "
3841,10/4/2009,43,هوایی سریع,205.99,John Stevenson,کسب‌وکار کوچک,تکنولوژی," $7,308.28 "," $1,680.23 "
3845,4/25/2012,9,هوایی عادی,363.25,Stephanie Phelps,مصرف‌کننده,لوازم اداری," $3,064.27 ", $294.39 
3845,4/25/2012,22,هوایی عادی,19.98,Stephanie Phelps,مصرف‌کننده,مبلمان, $475.72 , $(10.40)
3845,4/25/2012,15,هوایی عادی,8.34,Stephanie Phelps,مصرف‌کننده,مبلمان, $123.91 , $39.04 
3877,5/20/2010,14,هوایی سریع,48.04,Paul Knutson,شرکتی,لوازم اداری, $700.46 , $254.31 
3905,12/20/2010,42,کامیون تحویل,60.89,Muhammed Lee,مصرف‌کننده,مبلمان," $2,537.88 ", $(377.25)
3907,8/18/2012,36,هوایی عادی,4.48,Christopher Martinez,کسب‌وکار کوچک,لوازم اداری, $218.12 ," $(1,642.65)"
3907,8/18/2012,34,هوایی عادی,22.38,Christopher Martinez,کسب‌وکار کوچک,لوازم اداری, $729.83 , $(135.10)
3907,8/18/2012,36,هوایی سریع,29.99,Christopher Martinez,کسب‌وکار کوچک,تکنولوژی," $1,083.19 ", $214.61 
3908,3/8/2010,8,هوایی عادی,115.99,Dorothy Wardle,شرکتی,تکنولوژی, $820.28 , $(180.20)
3911,3/16/2011,24,هوایی عادی,15.7,Bobby Elias,کسب‌وکار کوچک,لوازم اداری, $370.72 , $(156.76)
3942,6/27/2010,11,هوایی عادی,20.15,Keith Herrera,کسب‌وکار کوچک,لوازم اداری, $225.14 , $(42.61)
3942,6/27/2010,22,هوایی عادی,85.99,Keith Herrera,کسب‌وکار کوچک,تکنولوژی," $1,559.78 ", $(247.18)
3970,3/26/2012,39,هوایی عادی,28.48,Christina DeMoss,کار در منزل,تکنولوژی," $1,032.97 ", $397.15 
3970,3/26/2012,13,کامیون تحویل,20.98,Christina DeMoss,کار در منزل,لوازم اداری, $324.83 , $(426.54)
3973,3/23/2012,21,هوایی عادی,15.68,Bobby Odegard,شرکتی,مبلمان, $316.35 , $117.91 
4004,5/6/2010,14,هوایی عادی,4.84,Sheri Gordon,شرکتی,لوازم اداری, $63.52 , $8.66 
4004,5/6/2010,44,هوایی عادی,34.58,Sheri Gordon,شرکتی,لوازم اداری," $1,512.25 ", $195.48 
4006,1/3/2011,38,هوایی عادی,37.94,Jas O'Carroll,شرکتی,لوازم اداری," $1,441.61 ", $624.84 
4007,6/17/2010,18,هوایی عادی,56.96,Jack Lebron,شرکتی,لوازم اداری," $1,038.40 ", $112.36 
4007,6/17/2010,1,هوایی عادی,279.48,Jack Lebron,شرکتی,لوازم اداری, $305.82 , $(232.24)
4033,6/1/2010,21,هوایی عادی,34.76,Bill Tyler,مصرف‌کننده,لوازم اداری, $763.12 , $140.33 
4033,6/1/2010,38,کامیون تحویل,500.98,Bill Tyler,مصرف‌کننده,مبلمان," $19,269.05 "," $4,127.79 "
4034,11/13/2010,44,هوایی عادی,79.52,Christine Sundaresam,کسب‌وکار کوچک,مبلمان," $3,367.24 "," $(1,183.69)"
4034,11/13/2010,37,کامیون تحویل,145.98,Christine Sundaresam,کسب‌وکار کوچک,مبلمان," $5,723.24 ", $(194.97)
4037,3/23/2010,27,هوایی عادی,6.48,Bruce Stewart,شرکتی,لوازم اداری, $188.07 , $(101.85)
4067,10/6/2012,16,هوایی عادی,7.1,Shahid Shariari,شرکتی,لوازم اداری, $118.38 , $(42.46)
4069,5/12/2012,8,هوایی عادی,6.48,Harold Dahlen,مصرف‌کننده,لوازم اداری, $54.43 , $(31.63)
4069,5/12/2012,47,هوایی سریع,2.78,Harold Dahlen,مصرف‌کننده,لوازم اداری, $124.94 , $(2.40)
4069,5/12/2012,30,هوایی عادی,2.62,Harold Dahlen,مصرف‌کننده,لوازم اداری, $78.46 , $18.57 
4070,6/11/2011,22,هوایی سریع,28.48,Joe Elijah,کار در منزل,تکنولوژی, $646.07 , $237.75 
4096,7/2/2012,21,هوایی عادی,6.3,Bill Eplett,شرکتی,لوازم اداری, $128.28 , $53.58 
4099,8/20/2012,42,هوایی عادی,42.76,Ed Braxton,مصرف‌کننده,لوازم اداری," $1,691.51 ", $285.16 
4099,8/20/2012,12,هوایی عادی,9.78,Ed Braxton,مصرف‌کننده,لوازم اداری, $122.93 , $(6.83)
4099,8/20/2012,4,هوایی عادی,9.48,Ed Braxton,مصرف‌کننده,مبلمان, $47.86 , $(17.32)
4099,8/20/2012,39,هوایی عادی,110.99,Ed Braxton,مصرف‌کننده,تکنولوژی," $3,607.85 ", $784.49 
4103,7/2/2012,3,هوایی عادی,11.66,Denise Leinenbach,کار در منزل,لوازم اداری, $42.50 , $(28.43)
4128,10/6/2011,38,هوایی عادی,9.99,Allen Golden,مصرف‌کننده,لوازم اداری, $391.42 , $25.03 
4132,5/28/2011,5,هوایی عادی,2.88,Aaron Bergman,شرکتی,لوازم اداری, $14.76 , $1.32 
4134,1/11/2011,48,کامیون تحویل,130.98,Anthony Garverick,کسب‌وکار کوچک,مبلمان," $6,403.39 ", $(824.15)
4134,1/11/2011,23,هوایی عادی,30.97,Anthony Garverick,کسب‌وکار کوچک,تکنولوژی, $757.91 , $(16.05)
4162,2/9/2012,2,هوایی عادی,193.17,Alyssa Tate,کسب‌وکار کوچک,لوازم اداری, $381.60 , $(319.02)
4166,2/27/2010,19,هوایی عادی,7.1,Patrick Ryan,شرکتی,لوازم اداری, $138.85 , $(49.35)
4193,1/8/2009,16,هوایی عادی,4.13,Sandra Flanagan,کار در منزل,لوازم اداری, $64.29 , $14.42 
4193,1/8/2009,3,هوایی عادی,22.72,Sandra Flanagan,کار در منزل,مبلمان, $75.77 , $64.25 
4195,5/28/2010,30,هوایی عادی,8.5,Art Miller,شرکتی,تکنولوژی, $255.74 , $37.09 
4199,2/12/2012,43,هوایی سریع,14.2,Bruce Money,شرکتی,مبلمان, $639.71 , $102.53 
4230,3/3/2012,18,هوایی عادی,22.72,Tamara Willingham,شرکتی,مبلمان, $409.16 , $21.96 
4230,3/3/2012,46,هوایی سریع,65.99,Tamara Willingham,شرکتی,تکنولوژی," $2,508.32 ", $456.81 
4257,3/24/2011,45,هوایی عادی,5.58,Liz Price,مصرف‌کننده,لوازم اداری, $253.89 , $(83.66)
4261,10/2/2012,22,کامیون تحویل,68.81,Lela Donovan,شرکتی,لوازم اداری," $1,556.87 ", $(521.42)
4261,10/2/2012,33,هوایی عادی,5.98,Lela Donovan,شرکتی,لوازم اداری, $195.98 , $(71.47)
4261,10/2/2012,32,هوایی عادی,300.65,Lela Donovan,شرکتی,لوازم اداری," $9,235.97 "," $2,848.17 "
4261,10/2/2012,48,هوایی عادی,5.78,Lela Donovan,شرکتی,لوازم اداری, $274.38 , $(94.82)
4294,8/14/2012,8,هوایی عادی,1.74,Mike Vittorini,کسب‌وکار کوچک,مبلمان, $17.72 , $(15.34)
4321,7/17/2009,47,هوایی سریع,30.53,Pauline Chand,شرکتی,لوازم اداری," $1,505.57 ", $(54.63)
4324,7/16/2011,28,هوایی عادی,40.97,Dan Campbell,کسب‌وکار کوچک,لوازم اداری," $1,165.33 ", $154.85 
4354,9/29/2009,6,هوایی عادی,7.38,Erin Creighton,شرکتی,مبلمان, $49.04 , $7.74 
4359,3/2/2010,21,هوایی عادی,10.9,Kelly Andreada,کار در منزل,لوازم اداری, $215.76 , $(97.75)
4387,10/22/2011,4,کامیون تحویل,150.98,Sandra Flanagan,شرکتی,مبلمان, $640.21 , $(388.52)
4389,5/4/2009,35,هوایی عادی,5.34,Victoria Pisteka,شرکتی,لوازم اداری, $179.45 , $(116.35)
4389,5/4/2009,49,کامیون تحویل,160.98,Victoria Pisteka,شرکتی,مبلمان," $7,987.43 "," $1,304.90 "
4389,5/4/2009,42,هوایی سریع,65.99,Victoria Pisteka,شرکتی,تکنولوژی," $2,455.28 ", $693.06 
4391,2/17/2012,20,هوایی عادی,155.99,Eugene Moren,کار در منزل,تکنولوژی," $2,592.43 ", $428.47 
4416,6/29/2012,46,هوایی عادی,165.98,Erica Bern,شرکتی,لوازم اداری," $7,441.29 "," $2,665.40 "
4422,5/21/2011,12,هوایی عادی,25.38,Scott Cohen,مصرف‌کننده,مبلمان, $313.43 , $104.03 
4422,5/21/2011,17,هوایی عادی,21.38,Scott Cohen,مصرف‌کننده,لوازم اداری, $390.11 , $(19.92)
4451,9/30/2009,47,هوایی عادی,21.38,Tanja Norvell,شرکتی,لوازم اداری, $992.95 , $(65.21)
4454,2/1/2009,17,هوایی عادی,3.08,Erica Bern,شرکتی,لوازم اداری, $55.45 , $21.42 
4455,10/10/2010,39,هوایی عادی,7.59,Michael Paige,کسب‌وکار کوچک,مبلمان, $279.29 , $14.15 
4487,2/22/2010,50,هوایی عادی,6.54,Scott Williamson,کسب‌وکار کوچک,لوازم اداری, $325.24 , $(79.42)
4512,10/24/2011,43,کامیون تحویل,146.34,Sandra Flanagan,کار در منزل,مبلمان," $6,077.11 ", $(353.66)
4514,4/29/2009,28,هوایی عادی,125.99,Yoseph Carroll,مصرف‌کننده,تکنولوژی," $2,841.44 ", $374.63 
4515,3/16/2012,7,هوایی عادی,120.97,Vivian Mathis,مصرف‌کننده,تکنولوژی, $887.94 , $49.45 
4516,3/28/2009,42,هوایی عادی,6.68,Ryan Crowe,کسب‌وکار کوچک,لوازم اداری, $294.78 , $(113.45)
4545,1/16/2010,33,هوایی عادی,4,Pauline Chand,کسب‌وکار کوچک,لوازم اداری, $126.38 , $26.64 
4545,1/16/2010,4,هوایی عادی,6.48,Pauline Chand,کسب‌وکار کوچک,لوازم اداری, $33.10 , $(24.15)
4550,12/28/2009,32,کامیون تحویل,119.99,Gary Zandusky,کار در منزل,تکنولوژی," $3,730.54 "," $1,369.09 "
4578,9/12/2012,45,هوایی عادی,6.48,Roy Skaria,شرکتی,لوازم اداری, $282.71 , $(141.44)
4578,9/12/2012,48,هوایی عادی,14.81,Roy Skaria,شرکتی,لوازم اداری, $724.13 , $(250.53)
4578,9/12/2012,15,هوایی عادی,20.24,Roy Skaria,شرکتی,مبلمان, $294.66 , $86.33 
4579,11/30/2011,40,هوایی عادی,43.41,Dennis Bolton,کسب‌وکار کوچک,لوازم اداری," $1,765.05 ", $749.22 
4580,11/14/2010,28,کامیون تحویل,280.98,Carlos Meador,مصرف‌کننده,مبلمان," $7,384.54 "," $(2,301.53)"
4581,9/3/2012,25,هوایی عادی,90.48,Thea Hendricks,کار در منزل,لوازم اداری," $2,325.42 ", $739.91 
4583,9/24/2009,44,کامیون تحویل,70.98,Maxwell Schwartz,شرکتی,مبلمان," $3,021.64 ", $(720.20)
4610,6/17/2010,8,هوایی عادی,8.33,Odella Nelson,کسب‌وکار کوچک,تکنولوژی, $66.88 , $(17.01)
4610,6/17/2010,29,هوایی عادی,15.67,Odella Nelson,کسب‌وکار کوچک,لوازم اداری, $447.34 , $203.01 
4611,1/9/2010,32,کامیون تحویل,500.98,Steven Ward,مصرف‌کننده,تکنولوژی," $16,172.44 "," $7,176.12 "
4612,9/19/2010,9,هوایی عادی,4.48,Jim Radford,شرکتی,لوازم اداری, $89.55 , $(375.64)
4642,2/26/2011,9,هوایی عادی,7.28,Shahid Shariari,شرکتی,تکنولوژی, $65.61 , $(39.74)
4642,2/26/2011,21,هوایی سریع,14.03,Shahid Shariari,شرکتی,لوازم اداری, $309.62 , $(80.20)
4645,9/19/2009,30,هوایی عادی,30.73,Clytie Kelty,کسب‌وکار کوچک,تکنولوژی, $920.00 , $(45.07)
4645,9/19/2009,7,هوایی عادی,14.56,Clytie Kelty,کسب‌وکار کوچک,لوازم اداری, $104.20 , $(8.53)
4645,9/19/2009,11,هوایی عادی,299.99,Clytie Kelty,کسب‌وکار کوچک,تکنولوژی," $3,563.88 ", $285.95 
4647,5/13/2009,33,هوایی عادی,55.99,Carlos Meador,شرکتی,تکنولوژی," $1,590.16 ", $(57.54)
4647,5/13/2009,34,هوایی عادی,13.9,Carlos Meador,شرکتی,لوازم اداری, $482.93 , $(67.59)
4647,5/13/2009,7,هوایی عادی,162.93,Carlos Meador,شرکتی,لوازم اداری," $1,203.73 ", $293.14 
4647,5/13/2009,6,هوایی عادی,11.58,Carlos Meador,شرکتی,لوازم اداری, $75.19 , $(6.61)
4672,11/6/2011,20,هوایی عادی,7.7,Alan Dominguez,شرکتی,مبلمان, $152.44 , $(16.64)
4674,4/18/2009,23,کامیون تحویل,130.98,Christina Anderson,شرکتی,مبلمان," $3,041.33 ", $(260.41)
4675,11/24/2010,4,هوایی عادی,3.98,Rick Wilson,مصرف‌کننده,لوازم اداری, $17.89 , $(1.15)
4676,8/31/2011,11,هوایی عادی,125.99,Annie Cyprus,کار در منزل,تکنولوژی," $1,210.05 ", $(104.25)
4676,8/31/2011,50,هوایی عادی,3.75,Annie Cyprus,کار در منزل,لوازم اداری, $187.83 , $85.96 
4676,8/31/2011,3,هوایی سریع,12.28,Annie Cyprus,کار در منزل,لوازم اداری, $49.59 , $(8.38)
4676,8/31/2011,30,هوایی عادی,155.99,Annie Cyprus,کار در منزل,تکنولوژی," $4,253.01 "," $1,115.69 "
4705,3/21/2012,16,هوایی عادی,7.98,Adrian Hane,شرکتی,لوازم اداری, $123.85 , $(71.44)
4706,12/28/2012,30,هوایی عادی,67.28,Bradley Drucker,کسب‌وکار کوچک,لوازم اداری," $2,116.70 ", $488.82 
4708,9/30/2009,29,هوایی عادی,6.48,Michelle Tran,شرکتی,لوازم اداری, $180.38 , $(119.32)
4737,3/10/2010,49,هوایی عادی,5.88,Roy Collins,شرکتی,لوازم اداری, $314.21 , $49.77 
4738,4/7/2012,2,هوایی عادی,4.71,David Kendrick,کار در منزل,لوازم اداری, $10.39 , $(7.97)
4739,2/20/2010,16,هوایی عادی,2.94,Lynn Smith,شرکتی,لوازم اداری, $48.57 , $4.21 
4741,7/6/2012,40,هوایی عادی,8.75,Anthony O'Donnell,مصرف‌کننده,مبلمان, $342.97 , $(131.63)
4743,3/30/2010,29,هوایی عادی,12.97,Gary Zandusky,کار در منزل,لوازم اداری, $352.55 , $128.99 
4743,3/30/2010,32,هوایی عادی,20.89,Gary Zandusky,کار در منزل,لوازم اداری, $719.64 , $(245.62)
4769,4/13/2011,41,هوایی عادی,2.88,Ben Wallace,کار در منزل,لوازم اداری, $117.40 , $48.63 
4771,12/13/2012,4,کامیون تحویل,31.76,Christy Brittain,مصرف‌کننده,مبلمان, $135.93 , $(126.47)
4772,9/13/2009,28,هوایی عادی,65.99,Neil Knudson,شرکتی,تکنولوژی," $1,560.62 ", $214.29 
4773,12/22/2011,48,کامیون تحویل,179.29,Liz Willingham,کار در منزل,مبلمان," $6,746.31 ", $(433.29)
4773,12/22/2011,26,هوایی عادی,11.58,Liz Willingham,کار در منزل,لوازم اداری, $311.38 , $34.12 
4774,4/19/2010,4,هوایی عادی,32.98,Lindsay Williams,شرکتی,تکنولوژی, $126.87 , $(125.99)
4800,1/5/2012,4,هوایی عادی,8.04,Max Engle,شرکتی,لوازم اداری, $41.94 , $(26.17)
4800,1/5/2012,17,هوایی عادی,4.91,Max Engle,شرکتی,لوازم اداری, $89.25 , $40.88 
4800,1/5/2012,7,هوایی عادی,11.55,Max Engle,شرکتی,لوازم اداری, $79.81 , $(4.28)
4804,1/27/2012,13,هوایی عادی,33.98,Kean Thornton,شرکتی,تکنولوژی, $463.83 , $103.26 
4805,4/24/2012,7,هوایی عادی,6.48,Tony Sayre,کسب‌وکار کوچک,لوازم اداری, $55.38 , $(25.95)
4835,10/24/2009,3,هوایی عادی,2.52,Eugene Moren,کار در منزل,لوازم اداری, $9.40 , $(7.60)
4839,5/9/2009,24,هوایی عادی,6.48,Sally Hughsby,مصرف‌کننده,لوازم اداری, $159.43 , $(120.59)
4864,11/10/2012,16,هوایی عادی,315.98,Ralph Kennedy,شرکتی,لوازم اداری," $4,901.99 "," $1,724.68 "
4870,8/5/2009,44,کامیون تحویل,400.98,Luke Foster,شرکتی,مبلمان," $17,248.09 "," $2,048.63 "
4871,6/11/2011,8,کامیون تحویل,89.99,Neil French,مصرف‌کننده,مبلمان, $775.74 , $(215.39)
4871,6/11/2011,26,هوایی عادی,9.31,Neil French,مصرف‌کننده,لوازم اداری, $238.34 , $(19.31)
4896,8/21/2012,25,هوایی عادی,35.41,Michael Stewart,کسب‌وکار کوچک,تکنولوژی, $831.52 , $259.47 
4896,8/21/2012,10,هوایی سریع,125.99,Michael Stewart,کسب‌وکار کوچک,تکنولوژی," $1,089.87 ", $(124.51)
4896,8/21/2012,21,هوایی عادی,5.8,Michael Stewart,کسب‌وکار کوچک,لوازم اداری, $121.30 , $(64.87)
4931,11/16/2009,22,هوایی عادی,8.17,Giulietta Dortch,شرکتی,لوازم اداری, $168.31 , $46.49 
4931,11/16/2009,45,هوایی عادی,110.99,Giulietta Dortch,شرکتی,تکنولوژی," $4,282.73 "," $1,371.74 "
4932,8/9/2010,11,هوایی عادی,10.31,Bobby Odegard,شرکتی,لوازم اداری, $109.37 , $25.96 
4935,5/24/2010,30,هوایی عادی,3.68,Xylona Price,شرکتی,لوازم اداری, $106.64 , $(31.95)
4960,2/25/2011,4,هوایی سریع,6.48,Corinna Mitchell,شرکتی,لوازم اداری, $40.87 , $(16.38)
4960,2/25/2011,30,کامیون تحویل,300.98,Corinna Mitchell,شرکتی,مبلمان," $8,363.65 ", $763.33 
4965,10/20/2010,14,هوایی عادی,76.72,Paul Lucas,شرکتی,لوازم اداری," $1,068.79 ", $56.05 
4965,10/20/2010,46,هوایی عادی,5.78,Paul Lucas,شرکتی,لوازم اداری, $287.13 , $(186.31)
4996,9/13/2012,30,هوایی عادی,142.86,Rob Dowd,شرکتی,لوازم اداری," $4,305.79 "," $1,020.32 "
5028,4/16/2012,10,هوایی عادی,7.7,Art Miller,شرکتی,مبلمان, $79.68 , $18.24 
5059,11/9/2010,5,هوایی سریع,5.44,Randy Bradley,کسب‌وکار کوچک,لوازم اداری, $41.18 , $(19.31)
5061,8/13/2010,4,هوایی عادی,2.88,Sean Wendt,شرکتی,لوازم اداری, $12.80 , $(2.21)
5092,10/29/2011,3,کامیون تحویل,220.98,John Castell,مصرف‌کننده,مبلمان, $709.04 , $(337.92)
5092,10/29/2011,25,هوایی عادی,38.76,John Castell,مصرف‌کننده,لوازم اداری, $978.77 , $220.91 
5094,3/28/2010,2,هوایی عادی,37.44,Mark Haberlin,کسب‌وکار کوچک,لوازم اداری, $79.58 , $(38.28)
5095,4/21/2012,7,هوایی عادی,125.99,Lauren Leatherbury,شرکتی,تکنولوژی, $786.68 , $(315.03)
5121,5/10/2012,45,هوایی عادی,55.99,Ralph Kennedy,شرکتی,تکنولوژی," $1,991.70 ", $559.11 
5153,8/25/2011,37,هوایی سریع,128.24,Helen Abelman,کار در منزل,مبلمان," $4,896.93 "," $1,467.82 "
5155,6/11/2009,14,هوایی عادی,39.98,Pete Takahito,شرکتی,تکنولوژی, $569.21 , $(38.51)
5188,3/1/2011,24,هوایی عادی,8.01,Bradley Drucker,کسب‌وکار کوچک,لوازم اداری, $192.80 , $31.00 
5189,11/25/2010,12,هوایی عادی,73.98,Evan Henry,شرکتی,تکنولوژی, $900.06 , $(221.12)
5189,11/25/2010,14,هوایی عادی,140.85,Evan Henry,شرکتی,لوازم اداری," $2,066.63 ", $65.58 
5189,11/25/2010,8,هوایی عادی,2.74,Evan Henry,شرکتی,لوازم اداری, $24.72 , $(21.47)
5217,10/12/2011,8,هوایی سریع,40.98,Lycoris Saunders,کار در منزل,لوازم اداری, $339.35 , $27.88 
5217,10/12/2011,11,هوایی عادی,3.08,Lycoris Saunders,کار در منزل,لوازم اداری, $33.67 , $4.08 
5221,6/8/2011,48,هوایی عادی,28.48,Robert Dilbeck,شرکتی,تکنولوژی," $1,347.63 ", $562.89 
5222,5/26/2009,40,کامیون تحویل,349.45,Tonja Turnell,مصرف‌کننده,مبلمان," $14,451.75 "," $4,503.63 "
5251,4/11/2011,38,هوایی سریع,115.99,Tamara Dahlen,شرکتی,تکنولوژی," $3,821.04 "," $1,057.89 "
5254,7/25/2012,31,هوایی عادی,65.99,William Brown,شرکتی,تکنولوژی," $1,735.35 ", $258.62 
5281,11/1/2011,36,کامیون تحویل,120.98,Irene Maddox,مصرف‌کننده,مبلمان," $4,733.70 ", $624.36 
5281,11/1/2011,14,هوایی عادی,209.84,Irene Maddox,مصرف‌کننده,مبلمان," $2,718.07 "," $1,107.53 "
5283,6/3/2009,23,هوایی عادی,125.99,Gary Zandusky,کار در منزل,تکنولوژی," $2,508.67 ", $417.47 
5284,7/8/2011,7,هوایی عادی,8.69,Annie Cyprus,کار در منزل,لوازم اداری, $59.38 , $(3.05)
5316,1/30/2009,42,هوایی عادی,31.78,Clay Rozendal,شرکتی,تکنولوژی," $1,285.37 ", $514.07 
5317,9/8/2009,38,هوایی سریع,5.34,Christopher Martinez,کسب‌وکار کوچک,لوازم اداری, $212.57 , $9.49 
5317,9/8/2009,10,کامیون تحویل,140.98,Christopher Martinez,کسب‌وکار کوچک,مبلمان," $1,469.48 ", $(263.65)
5317,9/8/2009,25,هوایی عادی,205.99,Christopher Martinez,کسب‌وکار کوچک,تکنولوژی," $4,279.24 ", $890.18 
5318,4/3/2010,8,هوایی عادی,131.12,Matt Collins,مصرف‌کننده,لوازم اداری," $1,042.25 ", $195.16 
5318,4/3/2010,29,هوایی سریع,200.99,Matt Collins,مصرف‌کننده,تکنولوژی," $5,010.74 "," $1,196.37 "
5346,12/25/2010,34,هوایی عادی,90.98,Khloe Miller,کار در منزل,مبلمان," $2,932.99 "," $(1,448.83)"
5346,12/25/2010,45,کامیون تحویل,218.75,Khloe Miller,کار در منزل,مبلمان," $9,194.80 "," $(1,760.57)"
5346,12/25/2010,17,کامیون تحویل,140.98,Khloe Miller,کار در منزل,مبلمان," $2,285.12 ", $(455.80)
5347,2/21/2011,7,هوایی عادی,85.99,Kelly Williams,شرکتی,تکنولوژی, $525.56 , $(60.67)
5347,2/21/2011,39,هوایی عادی,7.99,Kelly Williams,شرکتی,تکنولوژی, $276.03 , $(108.19)
5347,2/21/2011,1,هوایی عادی,205.99,Kelly Williams,شرکتی,تکنولوژی, $187.20 , $(796.76)
5350,10/9/2010,39,هوایی عادی,11.33,Carl Weiss,مصرف‌کننده,لوازم اداری, $434.73 , $(12.20)
5350,10/9/2010,50,هوایی عادی,140.85,Carl Weiss,مصرف‌کننده,لوازم اداری," $7,017.42 ", $595.20 
5378,10/24/2012,6,هوایی سریع,6.24,Christine Abelman,شرکتی,مبلمان, $54.28 , $(11.98)
5381,1/28/2010,47,هوایی عادی,107.53,Edward Nazzal,کار در منزل,مبلمان," $4,888.14 "," $1,545.09 "
5381,1/28/2010,27,هوایی عادی,2.18,Edward Nazzal,کار در منزل,لوازم اداری, $63.87 , $(149.93)
5382,1/12/2012,30,هوایی عادی,8.98,Michelle Tran,مصرف‌کننده,مبلمان, $260.12 , $36.54 
5408,7/20/2012,20,هوایی عادی,4.13,Bobby Elias,کسب‌وکار کوچک,لوازم اداری, $88.82 , $38.35 
5408,7/20/2012,11,هوایی عادی,209.84,Bobby Elias,کسب‌وکار کوچک,مبلمان," $2,392.23 "," $1,216.74 "
5409,1/8/2012,11,هوایی عادی,3.98,Don Jones,شرکتی,لوازم اداری, $48.91 , $(7.04)
5414,3/24/2010,14,هوایی سریع,20.98,Michelle Tran,شرکتی,لوازم اداری, $284.62 , $(27.08)
5441,7/20/2009,34,هوایی عادی,6.48,Brendan Sweed,مصرف‌کننده,لوازم اداری, $226.83 , $(92.05)
5441,7/20/2009,16,هوایی عادی,17.15,Brendan Sweed,مصرف‌کننده,لوازم اداری, $278.92 , $6.11 
5444,3/17/2011,2,هوایی عادی,449.99,Frank Carlisle,کسب‌وکار کوچک,تکنولوژی, $885.94 ," $(2,024.08)"
5445,7/25/2010,4,هوایی سریع,3.69,Michael Dominguez,کار در منزل,لوازم اداری, $29.42 , $14.43 
5445,7/25/2010,9,هوایی عادی,4.63,Michael Dominguez,کار در منزل,لوازم اداری, $46.48 , $(1.82)
5446,6/20/2009,42,هوایی عادی,10.98,Guy Armstrong,شرکتی,لوازم اداری, $433.68 , $44.10 
5472,4/10/2010,32,هوایی عادی,6.48,Karl Brown,شرکتی,لوازم اداری, $216.08 , $(84.33)
5472,4/10/2010,27,هوایی عادی,13.48,Karl Brown,شرکتی,لوازم اداری, $339.03 , $(24.44)
5472,4/10/2010,12,هوایی عادی,115.99,Karl Brown,شرکتی,تکنولوژی," $1,098.15 ", $(182.97)
5473,3/24/2012,42,هوایی عادی,8.74,Shahid Hopkins,کسب‌وکار کوچک,لوازم اداری, $355.69 , $(149.46)
5504,1/5/2010,6,هوایی سریع,5.78,Anna Andreadi,کسب‌وکار کوچک,لوازم اداری, $49.55 , $(20.33)
5504,1/5/2010,15,هوایی عادی,45.99,Anna Andreadi,کسب‌وکار کوچک,تکنولوژی, $606.56 , $20.23 
5506,11/7/2010,22,هوایی عادی,5.88,Beth Thompson,شرکتی,لوازم اداری, $129.62 , $4.41 
5509,4/7/2009,11,هوایی عادی,5.58,Ashley Jarboe,کار در منزل,لوازم اداری, $68.46 , $(22.48)
5509,4/7/2009,21,هوایی عادی,40.89,Ashley Jarboe,کار در منزل,مبلمان, $885.23 , $78.98 
5510,1/7/2010,12,هوایی عادی,9.68,Denise Leinenbach,کار در منزل,لوازم اداری, $116.38 , $29.68 
5511,11/28/2009,46,هوایی سریع,2.58,Art Ferguson,شرکتی,لوازم اداری, $129.44 , $(5.54)
5511,11/28/2009,32,هوایی عادی,65.99,Art Ferguson,شرکتی,تکنولوژی," $1,829.39 ", $482.45 
5538,12/24/2010,43,هوایی عادی,29.17,Julia Dunbar,مصرف‌کننده,لوازم اداری," $1,281.28 ", $415.85 
5538,12/24/2010,13,کامیون تحویل,146.05,Julia Dunbar,مصرف‌کننده,مبلمان," $1,940.31 ", $(668.19)
5538,12/24/2010,4,هوایی عادی,125.99,Julia Dunbar,مصرف‌کننده,تکنولوژی, $430.85 , $(492.77)
5543,9/24/2010,15,هوایی عادی,48.58,Fred Chung,شرکتی,لوازم اداری, $703.54 , $138.46 
5543,9/24/2010,6,هوایی عادی,10.31,Fred Chung,شرکتی,لوازم اداری, $65.93 , $11.06 
5543,9/24/2010,27,هوایی عادی,2.18,Fred Chung,شرکتی,لوازم اداری, $67.30 , $(115.38)
5568,6/6/2011,8,هوایی عادی,14.34,Randy Ferguson,کار در منزل,مبلمان, $120.22 , $52.69 
5569,4/29/2010,12,هوایی عادی,9.65,Frank Price,شرکتی,مبلمان, $118.97 , $(0.06)
5572,7/16/2009,37,هوایی عادی,7.37,Anna Gayman,شرکتی,تکنولوژی, $288.55 , $(133.70)
5575,7/23/2011,41,هوایی عادی,5.98,Rick Hansen,شرکتی,لوازم اداری, $254.69 , $(269.37)
5601,1/5/2012,10,هوایی عادی,12.22,Gary Hansen,مصرف‌کننده,مبلمان, $120.53 , $49.26 
5607,12/31/2011,8,هوایی عادی,7.99,Michelle Lonsdale,کار در منزل,تکنولوژی, $61.87 , $(50.33)
5635,8/15/2012,17,هوایی عادی,11.5,Nick Radford,شرکتی,لوازم اداری, $198.78 , $(28.35)
5635,8/15/2012,50,هوایی عادی,5.77,Nick Radford,شرکتی,مبلمان, $281.58 , $(161.56)
5636,2/15/2011,23,هوایی عادی,5.85,Dennis Kane,کسب‌وکار کوچک,لوازم اداری, $138.17 , $(1.09)
5639,6/1/2009,31,هوایی عادی,15.31,Raymond Fair,کسب‌وکار کوچک,لوازم اداری, $501.38 , $(71.95)
5696,5/3/2011,4,هوایی عادی,525.98,Theresa Swint,مصرف‌کننده,لوازم اداری," $2,206.17 ", $251.43 
5696,5/3/2011,40,هوایی عادی,16.51,Theresa Swint,مصرف‌کننده,لوازم اداری, $621.12 , $190.53 
5696,5/3/2011,31,هوایی عادی,5.98,Theresa Swint,مصرف‌کننده,تکنولوژی, $175.92 , $(93.41)
5697,10/4/2012,31,هوایی عادی,11.29,Max Jones,کار در منزل,لوازم اداری, $371.68 , $(13.32)
5698,5/20/2009,15,هوایی عادی,20.48,Kristina Nunn,مصرف‌کننده,لوازم اداری, $297.05 , $(16.89)
5698,5/20/2009,7,هوایی عادی,15.67,Kristina Nunn,مصرف‌کننده,لوازم اداری, $108.26 , $25.51 
5699,7/29/2012,2,هوایی عادی,4.13,Sean Miller,کسب‌وکار کوچک,لوازم اداری, $9.25 , $(4.21)
5699,7/29/2012,41,هوایی سریع,14.98,Sean Miller,کسب‌وکار کوچک,لوازم اداری, $573.89 , $(121.44)
5702,9/6/2010,20,هوایی عادی,99.99,Grant Thornton,شرکتی,تکنولوژی," $2,039.39 ", $199.73 
5703,5/15/2010,29,هوایی عادی,12.28,Joni Blumstein,مصرف‌کننده,لوازم اداری, $357.96 , $10.44 
5735,12/10/2009,10,کامیون تحویل,280.98,Art Foster,کار در منزل,مبلمان," $2,665.64 ", $(107.49)
5760,5/24/2009,34,کامیون تحویل,150.98,Nancy Lomonaco,کار در منزل,مبلمان," $5,261.73 ", $650.30 
5764,10/2/2010,23,هوایی عادی,8.04,Daniel Lacy,کسب‌وکار کوچک,لوازم اداری, $193.79 , $(117.16)
5765,12/14/2009,23,هوایی عادی,35.44,Jonathan Doherty,شرکتی,لوازم اداری, $849.46 , $9.06 
5767,4/28/2012,36,هوایی سریع,4.13,Jessica Myrick,کسب‌وکار کوچک,لوازم اداری, $163.54 , $(95.06)
5767,4/28/2012,31,هوایی عادی,82.99,Jessica Myrick,کسب‌وکار کوچک,تکنولوژی," $2,390.54 ", $756.10 
5799,8/2/2011,34,کامیون تحویل,294.62,Jack O'Briant,کسب‌وکار کوچک,لوازم اداری," $9,626.86 "," $1,882.20 "
5828,3/5/2009,21,کامیون تحویل,296.18,Christina DeMoss,کار در منزل,مبلمان," $6,005.21 ", $(450.70)
5830,3/24/2010,49,هوایی عادی,40.97,Shirley Jackson,شرکتی,مبلمان," $2,012.14 ", $241.74 
5856,11/5/2009,42,کامیون تحویل,230.98,Christopher Martinez,کسب‌وکار کوچک,مبلمان," $10,307.01 "," $3,025.59 "
5858,7/13/2012,48,هوایی عادی,50.98,Sibella Parks,کسب‌وکار کوچک,لوازم اداری," $2,531.66 ", $354.74 
5858,7/13/2012,29,هوایی عادی,205.99,Sibella Parks,کسب‌وکار کوچک,تکنولوژی," $5,382.31 "," $1,419.05 "
5860,2/19/2012,12,هوایی عادی,4.84,Annie Thurman,مصرف‌کننده,لوازم اداری, $56.73 , $8.33 
5863,11/21/2010,40,هوایی عادی,22.98,Guy Thornton,شرکتی,مبلمان, $933.21 , $207.18 
5890,11/3/2012,42,هوایی سریع,20.99,David Philippe,مصرف‌کننده,تکنولوژی, $813.54 , $435.95 
5891,12/28/2012,2,هوایی عادی,20.98,Art Foster,کار در منزل,لوازم اداری, $44.45 , $(17.46)
5894,8/12/2009,7,هوایی عادی,58.1,Ann Chong,شرکتی,لوازم اداری, $384.33 , $87.68 
5894,8/12/2009,3,هوایی عادی,80.48,Ann Chong,شرکتی,لوازم اداری, $239.03 , $(68.22)
5920,11/19/2009,4,هوایی عادی,155.06,Nat Gilpin,مصرف‌کننده,لوازم اداری, $582.59 , $(121.75)
5921,4/6/2009,27,هوایی سریع,13.43,Maurice Satty,شرکتی,لوازم اداری, $384.74 , $2.69 
5925,11/12/2011,44,هوایی عادی,92.23,Joy Bell,کار در منزل,مبلمان," $3,922.42 ", $(354.90)
5925,11/12/2011,25,هوایی عادی,85.99,Joy Bell,کار در منزل,تکنولوژی," $1,733.36 ", $(267.01)
5954,12/2/2012,32,کامیون تحویل,596.98,Ken Heidel,شرکتی,تکنولوژی," $18,316.30 "," $4,569.06 "
5957,12/26/2010,15,هوایی عادی,4.28,Ionia McGrath,کسب‌وکار کوچک,لوازم اداری, $68.32 , $(66.72)
5957,12/26/2010,3,کامیون تحویل,150.98,Ionia McGrath,کسب‌وکار کوچک,مبلمان, $536.38 , $(258.80)
5957,12/26/2010,23,هوایی عادی,20.99,Ionia McGrath,کسب‌وکار کوچک,تکنولوژی, $391.88 , $(38.02)
5958,9/15/2011,3,هوایی عادی,699.99,Giulietta Dortch,کسب‌وکار کوچک,تکنولوژی," $2,036.97 "," $(2,397.44)"
5958,9/15/2011,21,کامیون تحویل,159.31,Giulietta Dortch,کسب‌وکار کوچک,مبلمان," $2,629.66 ", $27.74 
5984,6/17/2009,37,هوایی عادی,10.89,Eric Barreto,مصرف‌کننده,لوازم اداری, $394.62 , $(31.39)
5984,6/17/2009,42,هوایی عادی,10.64,Eric Barreto,مصرف‌کننده,مبلمان, $464.64 , $14.48 
5984,6/17/2009,11,هوایی عادی,7.96,Eric Barreto,مصرف‌کننده,مبلمان, $96.68 , $22.25 
5986,4/21/2012,48,هوایی عادی,120.98,Filia McAdams,کسب‌وکار کوچک,لوازم اداری," $5,556.18 "," $1,638.48 "
5986,4/21/2012,20,کامیون تحویل,50.98,Filia McAdams,کسب‌وکار کوچک,مبلمان," $1,021.55 ", $64.81 
5986,4/21/2012,41,هوایی عادی,4.89,Filia McAdams,کسب‌وکار کوچک,تکنولوژی, $205.24 , $(148.77)
5988,11/21/2010,40,هوایی سریع,499.99,Sanjit Chand,کار در منزل,تکنولوژی," $19,109.61 ", $(379.29)
5989,10/14/2011,6,هوایی عادی,25.98,Ellis Ballard,شرکتی,لوازم اداری, $155.48 , $(6.64)
5989,10/14/2011,21,هوایی عادی,2.78,Ellis Ballard,شرکتی,لوازم اداری, $56.77 , $(3.20)
5990,4/7/2010,9,هوایی عادی,6.48,Eric Murdock,کار در منزل,لوازم اداری, $63.91 , $(27.78)
6016,1/20/2012,19,هوایی عادی,11.48,Skye Norling,کار در منزل,لوازم اداری, $208.28 , $3.63 
6018,8/18/2012,39,هوایی عادی,5.08,Toby Grace,کار در منزل,مبلمان, $206.09 , $36.04 
6018,8/18/2012,2,هوایی عادی,55.98,Toby Grace,کار در منزل,لوازم اداری, $124.25 , $(55.78)
6020,9/21/2009,23,هوایی عادی,2.88,Arianne Irving,شرکتی,لوازم اداری, $66.09 , $13.71 
6050,3/28/2010,3,کامیون تحویل,80.97,Phillip Flathmann,کسب‌وکار کوچک,تکنولوژی, $261.94 , $(219.78)
6050,3/28/2010,47,هوایی عادی,209.37,Phillip Flathmann,کسب‌وکار کوچک,مبلمان," $9,574.82 ", $(505.98)
6053,12/11/2010,4,هوایی عادی,3.8,Maureen Fritzler,شرکتی,لوازم اداری, $16.08 , $(3.75)
6054,9/8/2011,6,هوایی سریع,2.08,Aleksandra Gannaway,شرکتی,مبلمان, $27.32 , $(5.87)
6054,9/8/2011,43,هوایی سریع,15.42,Aleksandra Gannaway,شرکتی,لوازم اداری, $643.31 , $(231.34)
6086,9/22/2011,48,هوایی عادی,35.44,Michael Kennedy,شرکتی,لوازم اداری," $1,734.72 ", $57.89 
6112,8/23/2009,10,کامیون تحویل,146.05,Arianne Irving,شرکتی,مبلمان," $1,597.37 ", $(533.69)
6112,8/23/2009,31,هوایی عادی,65.99,Arianne Irving,شرکتی,تکنولوژی," $1,753.96 ", $382.39 
6115,9/11/2010,25,هوایی عادی,17.78,Matt Collins,مصرف‌کننده,مبلمان, $409.08 , $78.86 
6116,3/20/2009,7,هوایی عادی,19.98,Barry Weirich,شرکتی,تکنولوژی, $150.77 , $(72.23)
6116,3/20/2009,6,هوایی عادی,1637.53,Barry Weirich,شرکتی,لوازم اداری," $9,620.82 "," $(1,759.58)"
6117,12/21/2012,7,هوایی عادی,22.23,Annie Thurman,کار در منزل,مبلمان, $157.03 , $13.21 
6144,6/21/2009,24,هوایی عادی,2.88,Ralph Kennedy,شرکتی,لوازم اداری, $67.35 , $22.63 
6144,6/21/2009,4,کامیون تحویل,348.21,Ralph Kennedy,شرکتی,مبلمان," $1,472.31 ", $(223.59)
6148,12/24/2011,50,هوایی عادی,10.64,Mathew Reese,کسب‌وکار کوچک,مبلمان, $510.56 , $(29.40)
6148,12/24/2011,18,هوایی سریع,20.28,Mathew Reese,کسب‌وکار کوچک,مبلمان, $389.52 , $116.37 
6150,10/1/2012,38,هوایی عادی,4.98,Mitch Gastineau,کسب‌وکار کوچک,لوازم اداری, $191.14 , $82.65 
6179,6/2/2009,50,هوایی عادی,9.78,Elpida Rittenbach,مصرف‌کننده,لوازم اداری, $477.53 , $197.76 
6179,6/2/2009,15,هوایی عادی,200.99,Elpida Rittenbach,مصرف‌کننده,تکنولوژی," $2,690.75 ", $234.61 
6180,4/11/2011,44,هوایی عادی,65.99,Sung Chung,کار در منزل,تکنولوژی," $2,443.34 ", $590.32 
6182,7/21/2012,40,هوایی عادی,6.48,Grant Carroll,شرکتی,لوازم اداری, $255.48 , $(116.79)
6182,7/21/2012,18,هوایی سریع,6.48,Grant Carroll,شرکتی,لوازم اداری, $130.32 , $(67.28)
6183,6/15/2012,41,هوایی عادی,48.94,Ionia McGrath,کسب‌وکار کوچک,لوازم اداری," $1,991.93 ", $951.50 
6211,11/23/2009,28,هوایی عادی,2.16,Nona Balk,شرکتی,لوازم اداری, $67.72 , $(142.67)
6211,11/23/2009,3,هوایی عادی,21.38,Nona Balk,شرکتی,لوازم اداری, $68.64 , $(38.93)
6241,12/29/2009,24,هوایی سریع,5.84,Henry Goldwyn,کسب‌وکار کوچک,لوازم اداری, $133.94 , $45.00 
6241,12/29/2009,29,هوایی عادی,205.99,Henry Goldwyn,کسب‌وکار کوچک,تکنولوژی," $5,433.09 "," $1,365.28 "
6246,10/21/2009,13,هوایی عادی,3.93,Philip Brown,کار در منزل,لوازم اداری, $52.38 , $11.72 
6272,2/27/2010,33,هوایی عادی,14.98,Randy Ferguson,شرکتی,مبلمان, $497.40 , $37.90 
6272,2/27/2010,48,کامیون تحویل,124.49,Randy Ferguson,شرکتی,مبلمان," $4,965.38 ", $(175.46)
6272,2/27/2010,8,هوایی سریع,55.99,Randy Ferguson,شرکتی,تکنولوژی, $358.42 , $(275.06)
6272,2/27/2010,31,هوایی عادی,105.98,Randy Ferguson,شرکتی,مبلمان," $3,232.68 ", $875.45 
6274,7/14/2011,22,هوایی سریع,1.74,Eugene Moren,کار در منزل,مبلمان, $46.36 , $(56.73)
6279,1/29/2010,49,هوایی عادی,67.28,Katrina Willman,مصرف‌کننده,لوازم اداری," $3,283.74 ", $723.33 
6304,8/11/2011,30,هوایی عادی,6.48,Adam Shillingsburg,شرکتی,لوازم اداری, $199.11 , $(83.33)
6309,6/9/2010,10,هوایی عادی,2.88,Art Miller,شرکتی,لوازم اداری, $29.79 , $3.76 
6310,5/3/2009,27,هوایی عادی,8.09,Katharine Harms,مصرف‌کننده,مبلمان, $216.95 , $(88.82)
6311,2/10/2010,18,هوایی عادی,85.99,Anna Gayman,شرکتی,تکنولوژی," $1,297.45 ", $4.21 
6336,8/28/2011,43,هوایی سریع,7.1,Joseph Holt,کار در منزل,لوازم اداری, $320.26 , $(84.13)
6337,8/31/2011,48,هوایی عادی,70.71,Justin Knight,شرکتی,مبلمان," $3,397.72 ", $(912.08)
6337,8/31/2011,1,کامیون تحویل,376.13,Justin Knight,شرکتی,مبلمان, $449.42 , $(261.61)
6339,12/11/2012,20,هوایی عادی,14.98,Jonathan Doherty,شرکتی,لوازم اداری, $303.69 , $(50.84)
6368,2/22/2009,40,کامیون تحویل,442.14,Anthony O'Donnell,شرکتی,تکنولوژی," $19,100.45 "," $6,839.95 "
6369,12/19/2009,30,کامیون تحویل,550.98,Denise Leinenbach,شرکتی,مبلمان," $14,922.16 ", $545.70 
6373,1/23/2012,1,هوایی عادی,60.97,Denise Leinenbach,کار در منزل,لوازم اداری, $62.77 , $(36.84)
6374,8/7/2011,29,هوایی سریع,31.11,Ricardo Emerson,شرکتی,تکنولوژی, $857.42 , $51.18 
6374,8/7/2011,1,هوایی عادی,1.48,Ricardo Emerson,شرکتی,لوازم اداری, $2.24 , $(1.97)
6402,4/23/2011,35,هوایی عادی,10.23,Nathan Mautz,شرکتی,لوازم اداری, $373.33 , $(22.18)
6403,2/11/2011,41,هوایی عادی,419.19,John Lucas,کسب‌وکار کوچک,لوازم اداری," $17,874.26 "," $6,247.95 "
6406,8/14/2009,43,هوایی عادی,2.08,Mick Crebagga,کار در منزل,لوازم اداری, $92.63 , $(70.80)
6432,11/10/2011,30,هوایی عادی,10.89,Lena Creighton,شرکتی,لوازم اداری, $311.08 , $(38.45)
6433,11/22/2011,41,هوایی عادی,3.69,Matt Collister,کار در منزل,لوازم اداری, $159.26 , $73.89 
6434,6/7/2009,13,هوایی عادی,4.76,Rob Haberlin,شرکتی,لوازم اداری, $59.58 , $14.49 
6438,5/16/2010,7,هوایی عادی,9.77,Anna Haberlin,شرکتی,مبلمان, $75.72 , $20.29 
6438,5/16/2010,38,هوایی عادی,5.98,Anna Haberlin,شرکتی,لوازم اداری, $225.21 , $(66.16)
6464,5/28/2009,1,هوایی عادی,60.97,Ralph Arnett,مصرف‌کننده,لوازم اداری, $57.84 , $(41.77)
6464,5/28/2009,42,هوایی عادی,90.98,Ralph Arnett,مصرف‌کننده,مبلمان," $3,991.99 "," $(1,014.11)"
6465,8/12/2011,36,هوایی سریع,6.88,Alan Shonely,کسب‌وکار کوچک,لوازم اداری, $240.14 , $57.78 
6498,3/17/2009,38,هوایی سریع,8.12,Julie Prescott,کار در منزل,تکنولوژی, $336.85 , $(40.76)
6500,10/12/2012,15,هوایی عادی,30.42,Tony Sayre,کار در منزل,تکنولوژی, $448.07 , $(141.02)
6500,10/12/2012,20,هوایی عادی,1.95,Tony Sayre,کار در منزل,لوازم اداری, $38.29 , $(16.15)
6501,1/13/2012,35,هوایی عادی,6.48,Arianne Irving,شرکتی,لوازم اداری, $236.99 , $(95.79)
6501,1/13/2012,46,هوایی عادی,125.99,Arianne Irving,شرکتی,تکنولوژی," $4,617.34 ", $978.35 
6502,8/20/2011,16,هوایی سریع,7.64,Max Jones,کار در منزل,لوازم اداری, $116.11 , $(36.46)
6502,8/20/2011,30,هوایی عادی,9.99,Max Jones,کار در منزل,لوازم اداری, $306.92 , $13.46 
6529,11/26/2012,35,هوایی عادی,2.62,Cynthia Arntzen,کسب‌وکار کوچک,لوازم اداری, $89.71 , $20.71 
6531,7/17/2010,42,هوایی عادی,4.37,Jill Fjeld,کار در منزل,لوازم اداری, $188.23 , $(145.10)
6531,7/17/2010,28,هوایی عادی,19.84,Jill Fjeld,کار در منزل,لوازم اداری, $541.95 , $143.04 
6535,6/12/2012,11,هوایی سریع,28.15,Adrian Hane,شرکتی,لوازم اداری, $312.36 , $(19.33)
6560,1/4/2011,20,هوایی عادی,8.67,Max Ludwig,شرکتی,لوازم اداری, $169.18 , $(18.73)
6560,1/4/2011,37,کامیون تحویل,280.98,Max Ludwig,شرکتی,مبلمان," $8,252.39 "," $1,853.19 "
6562,12/20/2009,12,کامیون تحویل,1360.14,Brendan Sweed,مصرف‌کننده,تکنولوژی," $17,274.87 "," $2,028.12 "
6564,1/21/2011,26,هوایی عادی,15.98,Anne McFarland,مصرف‌کننده,تکنولوژی, $448.23 , $110.60 
6566,5/21/2011,21,هوایی عادی,33.98,Kean Thornton,شرکتی,تکنولوژی, $748.83 , $250.01 
6592,12/1/2009,29,هوایی عادی,6.84,Tamara Chand,مصرف‌کننده,لوازم اداری, $194.29 , $(177.17)
6592,12/1/2009,33,هوایی سریع,48.91,Tamara Chand,مصرف‌کننده,لوازم اداری," $1,621.10 ", $(971.36)
6596,7/21/2011,36,کامیون تحویل,500.98,Chad Sievert,شرکتی,تکنولوژی," $18,028.07 "," $8,157.70 "
6625,8/15/2010,23,کامیون تحویل,880.98,Roy Skaria,شرکتی,مبلمان," $21,062.91 "," $5,713.53 "
6656,5/15/2009,45,هوایی عادی,39.06,Dennis Bolton,کسب‌وکار کوچک,لوازم اداری," $1,802.00 ", $508.96 
6656,5/15/2009,50,هوایی عادی,37.7,Dennis Bolton,کسب‌وکار کوچک,لوازم اداری," $1,832.22 ", $805.43 
6661,4/16/2010,47,کامیون تحویل,449.99,Clytie Kelty,کسب‌وکار کوچک,تکنولوژی," $19,224.92 "," $6,635.15 "
6661,4/16/2010,39,هوایی عادی,19.23,Clytie Kelty,کسب‌وکار کوچک,مبلمان, $778.62 , $247.24 
6693,5/24/2012,16,هوایی عادی,2.62,Astrea Jones,شرکتی,لوازم اداری, $40.85 , $6.46 
6695,6/27/2012,49,هوایی سریع,5.81,Natalie Webber,شرکتی,لوازم اداری, $295.24 , $(279.93)
6720,9/9/2010,31,هوایی عادی,5.18,Patrick Jones,کار در منزل,لوازم اداری, $164.62 , $(93.71)
6720,9/9/2010,36,کامیون تحویل,120.98,Patrick Jones,کار در منزل,مبلمان," $4,225.77 "," $(1,393.69)"
6720,9/9/2010,8,هوایی عادی,6.3,Patrick Jones,کار در منزل,لوازم اداری, $53.89 , $17.63 
6727,8/29/2009,12,هوایی عادی,2.89,Stuart Van,مصرف‌کننده,لوازم اداری, $33.43 , $8.47 
6753,9/26/2010,7,هوایی عادی,6.64,Robert Barroso,کسب‌وکار کوچک,مبلمان, $53.14 , $14.57 
6754,8/11/2011,13,هوایی عادی,205.99,Bill Overfelt,شرکتی,تکنولوژی," $2,388.64 ", $191.00 
6755,5/1/2011,20,هوایی عادی,7.1,Kelly Lampkin,کار در منزل,لوازم اداری, $156.47 , $(39.23)
6757,2/1/2012,27,هوایی عادی,34.76,Brooke Gillingham,کسب‌وکار کوچک,لوازم اداری, $869.78 , $43.36 
6757,2/1/2012,11,کامیون تحویل,286.85,Brooke Gillingham,کسب‌وکار کوچک,مبلمان," $2,503.01 ", $(298.62)
6785,5/6/2012,7,هوایی عادی,25.38,Nathan Mautz,کار در منزل,مبلمان, $181.32 , $80.32 
6788,8/4/2011,41,هوایی سریع,2.94,Bobby Elias,کسب‌وکار کوچک,لوازم اداری, $127.84 , $12.69 
6788,8/4/2011,6,هوایی عادی,1.81,Bobby Elias,کسب‌وکار کوچک,لوازم اداری, $11.15 , $(2.62)
6791,2/1/2011,14,هوایی سریع,51.98,Lindsay Castell,کسب‌وکار کوچک,تکنولوژی, $730.33 , $110.77 
6823,7/21/2009,50,هوایی عادی,24.95,Todd Boyes,کسب‌وکار کوچک,لوازم اداری," $1,262.72 ", $490.28 
6823,7/21/2009,31,هوایی عادی,15.98,Todd Boyes,کسب‌وکار کوچک,تکنولوژی, $524.19 , $(135.46)
6848,9/13/2010,22,هوایی عادی,5.4,Kelly Collister,مصرف‌کننده,لوازم اداری, $116.84 , $(125.44)
6850,2/11/2010,8,هوایی عادی,10.01,Chuck Clark,شرکتی,تکنولوژی, $81.56 , $(7.23)
6850,2/11/2010,41,هوایی عادی,51.98,Chuck Clark,شرکتی,تکنولوژی," $2,088.50 ", $675.07 
6850,2/11/2010,34,هوایی عادی,64.98,Chuck Clark,شرکتی,لوازم اداری," $2,126.72 ", $150.04 
6850,2/11/2010,26,کامیون تحویل,138.75,Chuck Clark,شرکتی,مبلمان," $3,753.72 ", $(556.25)
6854,1/6/2009,1,هوایی سریع,7.68,Victor Price,مصرف‌کننده,لوازم اداری, $22.13 , $(2.39)
6854,1/6/2009,19,هوایی سریع,6.64,Victor Price,مصرف‌کننده,مبلمان, $129.84 , $2.39 
6880,5/25/2009,5,هوایی عادی,47.9,Peter Buhler,مصرف‌کننده,لوازم اداری, $235.49 , $21.78 
6884,1/15/2009,41,هوایی عادی,4.98,Skye Norling,کار در منزل,لوازم اداری, $217.00 , $(61.21)
6884,1/15/2009,47,هوایی عادی,6.35,Skye Norling,کار در منزل,لوازم اداری, $296.13 , $119.09 
6885,6/19/2012,4,کامیون تحویل,113.98,Damala Kotsonis,شرکتی,مبلمان, $481.27 , $(181.27)
6885,6/19/2012,40,هوایی عادی,23.99,Damala Kotsonis,شرکتی,تکنولوژی, $879.54 , $166.93 
6886,1/19/2012,46,هوایی عادی,178.47,Maureen Gastineau,مصرف‌کننده,لوازم اداری," $8,177.07 "," $2,385.30 "
6912,12/10/2011,14,هوایی عادی,21.78,Alan Shonely,کسب‌وکار کوچک,لوازم اداری, $294.52 , $15.34 
6916,6/4/2010,40,هوایی سریع,10.9,Andrew Gjertsen,مصرف‌کننده,لوازم اداری, $436.17 , $(141.27)
6918,7/1/2011,38,هوایی عادی,39.48,Erin Ashbrook,مصرف‌کننده,تکنولوژی," $1,559.50 ", $515.83 
6947,7/19/2011,9,هوایی عادی,51.65,Logan Currie,کسب‌وکار کوچک,مبلمان, $520.49 , $(51.01)
6948,12/9/2010,15,هوایی عادی,73.98,Phillip Breyer,شرکتی,تکنولوژی," $1,143.88 ", $(88.70)
6950,3/26/2012,4,هوایی عادی,55.99,Dianna Arnett,کار در منزل,تکنولوژی, $187.40 , $(225.30)
6978,12/9/2010,47,هوایی عادی,8.12,Art Foster,کار در منزل,تکنولوژی, $371.95 , $(87.40)
6979,2/27/2009,28,هوایی عادی,11.99,Keith Dawkins,کار در منزل,تکنولوژی, $334.89 , $(1.44)
6980,2/18/2010,18,هوایی عادی,7.3,Ralph Knight,مصرف‌کننده,لوازم اداری, $136.29 , $(77.28)
6982,11/16/2011,32,هوایی سریع,39.48,Dorothy Wardle,شرکتی,تکنولوژی," $1,311.25 ", $407.44 
6982,11/16/2011,5,کامیون تحویل,100.98,Dorothy Wardle,شرکتی,مبلمان, $544.41 , $(338.27)
6982,11/16/2011,41,هوایی عادی,19.98,Dorothy Wardle,شرکتی,مبلمان, $844.09 , $52.56 
7015,10/12/2010,47,هوایی عادی,40.98,Matt Abelman,کار در منزل,تکنولوژی," $1,880.80 ", $775.88 
7015,10/12/2010,42,هوایی سریع,195.99,Matt Abelman,کار در منزل,تکنولوژی," $7,143.93 "," $2,374.73 "
7042,1/8/2012,4,کامیون تحویل,376.13,Dean Katz,کار در منزل,مبلمان," $1,187.86 ", $(347.16)
7043,1/25/2009,4,هوایی عادی,1.74,Giulietta Dortch,شرکتی,مبلمان, $11.08 , $(8.93)
7072,2/4/2012,29,هوایی عادی,8.85,Maureen Fritzler,شرکتی,لوازم اداری, $258.61 , $(15.96)
7075,10/10/2011,15,هوایی عادی,15.42,Shirley Jackson,شرکتی,لوازم اداری, $241.89 , $(83.30)
7075,10/10/2011,43,هوایی عادی,1.86,Shirley Jackson,شرکتی,لوازم اداری, $83.34 , $(93.18)
7077,12/21/2011,14,هوایی عادی,21.78,Georgia Rosenberg,مصرف‌کننده,لوازم اداری, $304.52 , $25.34 
7078,4/11/2010,9,هوایی عادی,11.33,Ricardo Block,شرکتی,لوازم اداری, $112.12 , $(8.45)
7078,4/11/2010,11,هوایی سریع,3.36,Ricardo Block,شرکتی,لوازم اداری, $49.58 , $(47.02)
7078,4/11/2010,16,کامیون تحویل,122.99,Ricardo Block,شرکتی,مبلمان," $1,939.65 ", $(885.73)
7078,4/11/2010,29,هوایی سریع,14.98,Ricardo Block,شرکتی,مبلمان, $465.52 , $65.35 
7079,2/8/2010,44,کامیون تحویل,280.98,Brenda Bowman,کسب‌وکار کوچک,مبلمان," $12,296.49 ", $(416.70)
7079,2/8/2010,18,هوایی عادی,6.48,Brenda Bowman,کسب‌وکار کوچک,لوازم اداری, $128.13 , $(34.91)
7105,6/21/2010,17,هوایی عادی,4.06,Brian Moss,شرکتی,لوازم اداری, $77.19 , $(81.35)
7106,5/10/2012,8,هوایی عادی,14.27,Shaun Weien,کار در منزل,لوازم اداری, $118.98 , $(12.77)
7106,5/10/2012,31,هوایی عادی,159.99,Shaun Weien,کار در منزل,تکنولوژی," $4,910.09 "," $1,669.38 "
7106,5/10/2012,36,هوایی عادی,27.75,Shaun Weien,کار در منزل,لوازم اداری," $1,058.45 ", $(386.02)
7107,1/4/2012,3,هوایی عادی,54.2,Steve Chapman,شرکتی,مبلمان, $172.04 , $143.08 
7107,1/4/2012,3,هوایی عادی,37.94,Steve Chapman,شرکتی,لوازم اداری, $113.14 , $(21.23)
7107,1/4/2012,32,هوایی عادی,55.29,Steve Chapman,شرکتی,لوازم اداری," $1,724.82 ", $407.80 
7110,8/7/2011,22,هوایی عادی,276.2,Grant Carroll,شرکتی,مبلمان," $6,396.20 "," $1,902.24 "
7136,3/22/2009,17,هوایی عادی,39.48,Lena Cacioppo,کار در منزل,تکنولوژی, $642.90 , $88.72 
7136,3/22/2009,9,هوایی عادی,4.91,Lena Cacioppo,کار در منزل,لوازم اداری, $47.28 , $17.05 
7142,7/21/2011,36,هوایی عادی,3.69,Cari Sayre,شرکتی,لوازم اداری, $132.86 , $57.00 
7169,3/26/2010,22,هوایی عادی,20.28,Lela Donovan,شرکتی,مبلمان, $446.72 , $(39.00)
7169,3/26/2010,30,هوایی عادی,65.99,Lela Donovan,شرکتی,تکنولوژی," $1,580.60 ", $303.53 
7171,2/13/2011,28,هوایی عادی,65.99,Andy Gerbode,مصرف‌کننده,تکنولوژی," $1,703.85 ", $316.06 
7171,2/13/2011,17,هوایی عادی,20.99,Andy Gerbode,مصرف‌کننده,تکنولوژی, $303.19 , $92.59 
7174,3/10/2012,10,هوایی عادی,13.73,Thomas Thornton,مصرف‌کننده,مبلمان, $141.92 , $12.20 
7175,2/7/2010,10,کامیون تحویل,70.98,Helen Andreada,شرکتی,مبلمان, $748.25 , $(86.99)
7203,1/8/2009,25,هوایی عادی,896.99,Ruben Dartt,شرکتی,لوازم اداری," $21,752.01 "," $9,296.35 "
7239,6/29/2011,50,هوایی عادی,120.33,Craig Carroll,کسب‌وکار کوچک,لوازم اداری," $6,206.16 "," $1,416.27 "
